{
    "between_node": 0.0, 
    "closeness_centrality": 0.06323770350419798, 
    "clustering": 0.0, 
    "degree_centrality": 0.6205561256528835, 
    "neighbor_number_1": 0.027725720441539547, 
    "neighbor_number_2": 0.23085487842708838, 
    "neighbor_number_3": 0.057625571974290496
}