{
    "between_node": 0.11427845089894449, 
    "closeness_centrality": 0.10716580393059857, 
    "clustering": 0.09339004160723263, 
    "degree_centrality": 0.1733633845350818, 
    "neighbor_number_1": 0.3044527832785147, 
    "neighbor_number_2": 0.1635005532620386, 
    "neighbor_number_3": 0.04384898248758936
}