{
    "between_node": 0.0, 
    "closeness_centrality": 0.0, 
    "clustering": 0.0, 
    "degree_centrality": 0.8261733225508523, 
    "neighbor_number_1": 0.17382667744914768, 
    "neighbor_number_2": 0.0, 
    "neighbor_number_3": 0.0
}