{
    "between_node": 0.0, 
    "closeness_centrality": 0.05405405405405406, 
    "clustering": 0.0, 
    "degree_centrality": 0.8261733225508523, 
    "neighbor_number_1": 0.11977262339509363, 
    "neighbor_number_2": 0.0, 
    "neighbor_number_3": 0.0
}