{
    "between_node": 0.02336895076687473, 
    "closeness_centrality": 0.7457241542974933, 
    "clustering": 0.0, 
    "degree_centrality": 0.21932383299857044, 
    "neighbor_number_1": 0.0, 
    "neighbor_number_2": 0.0, 
    "neighbor_number_3": 0.011583061937061614
}