{
    "between_node": 0.0, 
    "closeness_centrality": 0.02280413322638354, 
    "clustering": 0.13213984407020365, 
    "degree_centrality": 0.8228853376222066, 
    "neighbor_number_1": 0.0, 
    "neighbor_number_2": 0.02217068508120622, 
    "neighbor_number_3": 0.0
}