{
    "between_node": 0.0, 
    "closeness_centrality": 0.8376654333207137, 
    "clustering": 0.05125129856053047, 
    "degree_centrality": 0.0, 
    "neighbor_number_1": 0.0, 
    "neighbor_number_2": 0.09857797908298888, 
    "neighbor_number_3": 0.012505289035766882
}