{
    "between_node": 0.0, 
    "closeness_centrality": 0.7437473073486265, 
    "clustering": 0.05304556667955834, 
    "degree_centrality": 0.051132213294375464, 
    "neighbor_number_1": 0.0, 
    "neighbor_number_2": 0.09604817282847015, 
    "neighbor_number_3": 0.056026739848969505
}