{
    "between_node": 0.0, 
    "closeness_centrality": 0.823136123141218, 
    "clustering": 0.00913628725859113, 
    "degree_centrality": 0.05628248958541954, 
    "neighbor_number_1": 0.0, 
    "neighbor_number_2": 0.0464766403604628, 
    "neighbor_number_3": 0.06496845965430854
}