{
    "between_node": 0.0, 
    "closeness_centrality": 0.8832544371391142, 
    "clustering": 0.04910288492636173, 
    "degree_centrality": 0.01358862388047005, 
    "neighbor_number_1": 0.0, 
    "neighbor_number_2": 0.05405405405405407, 
    "neighbor_number_3": 0.0
}