{
    "between_node": 0.18844085956711595, 
    "closeness_centrality": 0.14058235343240338, 
    "clustering": 0.15025500038949646, 
    "degree_centrality": 0.1366612839244387, 
    "neighbor_number_1": 0.20349305002715978, 
    "neighbor_number_2": 0.060272992528891074, 
    "neighbor_number_3": 0.12029446013049469
}