{
    "between_node": 0.0, 
    "closeness_centrality": 0.8653725000380973, 
    "clustering": 0.04810877194734776, 
    "degree_centrality": 0.013313515251175193, 
    "neighbor_number_1": 0.0, 
    "neighbor_number_2": 0.05295970212780689, 
    "neighbor_number_3": 0.020245510635572814
}