{
    "between_node": 0.0, 
    "closeness_centrality": 0.05268944305216038, 
    "clustering": 0.0, 
    "degree_centrality": 0.5900327032752894, 
    "neighbor_number_1": 0.0544087966891606, 
    "neighbor_number_2": 0.30286905698338945, 
    "neighbor_number_3": 0.0
}