{
    "between_node": 0.27894145065094506, 
    "closeness_centrality": 0.15774631861720703, 
    "clustering": 0.36432501766269604, 
    "degree_centrality": 0.013339116640386391, 
    "neighbor_number_1": 0.019594080064831085, 
    "neighbor_number_2": 0.04900290191816466, 
    "neighbor_number_3": 0.11705111444576966
}