{
    "between_node": 0.0, 
    "closeness_centrality": 0.8380146415508232, 
    "clustering": 0.008579931825797783, 
    "degree_centrality": 0.00844398004799846, 
    "neighbor_number_1": 0.05405405405405406, 
    "neighbor_number_2": 0.03174193325306123, 
    "neighbor_number_3": 0.059165459268265275
}