{
    "between_node": 0.20987663021268563, 
    "closeness_centrality": 0.16962213334741744, 
    "clustering": 0.22643349067772292, 
    "degree_centrality": 0.11930394347606842, 
    "neighbor_number_1": 0.13636448928722947, 
    "neighbor_number_2": 0.11936556557896043, 
    "neighbor_number_3": 0.01903374741991577
}