{
    "between_node": 0.0, 
    "closeness_centrality": 0.8119187399852311, 
    "clustering": 0.055497822167130444, 
    "degree_centrality": 0.017369080427233955, 
    "neighbor_number_1": 0.07006588469054378, 
    "neighbor_number_2": 0.027696951851184457, 
    "neighbor_number_3": 0.01745152087867631
}