{
    "between_node": 0.0, 
    "closeness_centrality": 0.8719735743679025, 
    "clustering": 0.07935766258207391, 
    "degree_centrality": 0.017164940254990456, 
    "neighbor_number_1": 0.03150382279503322, 
    "neighbor_number_2": 0.0, 
    "neighbor_number_3": 0.0
}