{
    "between_node": 0.0, 
    "closeness_centrality": 0.8253927549660238, 
    "clustering": 0.05405405405405406, 
    "degree_centrality": 0.04500987957356855, 
    "neighbor_number_1": 0.06807622416017918, 
    "neighbor_number_2": 0.0, 
    "neighbor_number_3": 0.007467087246174283
}