{
    "between_node": 0.0, 
    "closeness_centrality": 0.4295269617360233, 
    "clustering": 0.0, 
    "degree_centrality": 0.5449958040308271, 
    "neighbor_number_1": 0.025477234233149498, 
    "neighbor_number_2": 0.0, 
    "neighbor_number_3": 0.0
}