{
    "between_node": 0.14584933756695767, 
    "closeness_centrality": 0.8263728846552646, 
    "clustering": 0.027777777777777776, 
    "degree_centrality": 0.0, 
    "neighbor_number_1": 0.0, 
    "neighbor_number_2": 0.0, 
    "neighbor_number_3": 0.0
}