{
    "between_node": 0.20951908823410784, 
    "closeness_centrality": 0.039580586162036586, 
    "clustering": 0.15858630537193344, 
    "degree_centrality": 0.05717340972742046, 
    "neighbor_number_1": 0.22089822007799786, 
    "neighbor_number_2": 0.1616979689440058, 
    "neighbor_number_3": 0.1525444214824981
}