{
    "between_node": 0.22222441581068902, 
    "closeness_centrality": 0.041980769921426894, 
    "clustering": 0.16820304710125403, 
    "degree_centrality": 0.0, 
    "neighbor_number_1": 0.23429358310114506, 
    "neighbor_number_2": 0.1715034032899491, 
    "neighbor_number_3": 0.16179478077553602
}