{
    "between_node": 0.10888311943081255, 
    "closeness_centrality": 0.10262549563157759, 
    "clustering": 0.24246130693088075, 
    "degree_centrality": 0.02012524562032818, 
    "neighbor_number_1": 0.24250194316485477, 
    "neighbor_number_2": 0.06874374121048782, 
    "neighbor_number_3": 0.21465914801105818
}