{
    "between_node": 0.0, 
    "closeness_centrality": 0.5814383734057048, 
    "clustering": 0.0838892268305358, 
    "degree_centrality": 0.3346723997637594, 
    "neighbor_number_1": 0.0, 
    "neighbor_number_2": 0.0, 
    "neighbor_number_3": 0.0
}