{
    "between_node": 0.0, 
    "closeness_centrality": 0.7526121889815504, 
    "clustering": 0.0, 
    "degree_centrality": 0.09675413126615023, 
    "neighbor_number_1": 0.10226536987924162, 
    "neighbor_number_2": 0.04836830987305787, 
    "neighbor_number_3": 0.0
}