{
    "between_node": 0.0, 
    "closeness_centrality": 0.80039743061893, 
    "clustering": 0.0, 
    "degree_centrality": 0.0, 
    "neighbor_number_1": 0.13722608927140645, 
    "neighbor_number_2": 0.009136287258591114, 
    "neighbor_number_3": 0.053240192851072524
}