{
    "between_node": 0.0, 
    "closeness_centrality": 0.0642129328956112, 
    "clustering": 0.0, 
    "degree_centrality": 0.509580907519012, 
    "neighbor_number_1": 0.03488393060876656, 
    "neighbor_number_2": 0.38533693064798424, 
    "neighbor_number_3": 0.005985298328625991
}