{
    "between_node": 0.05405405405405407, 
    "closeness_centrality": 0.0, 
    "clustering": 0.05113221329437547, 
    "degree_centrality": 0.7392712345688781, 
    "neighbor_number_1": 0.15554249808269244, 
    "neighbor_number_2": 0.0, 
    "neighbor_number_3": 0.0
}