{
    "between_node": 0.0, 
    "closeness_centrality": 0.0, 
    "clustering": 0.003254678600488204, 
    "degree_centrality": 0.9967453213995118, 
    "neighbor_number_1": 0.0, 
    "neighbor_number_2": 0.0, 
    "neighbor_number_3": 0.0
}