{
    "between_node": 0.0, 
    "closeness_centrality": 0.1311722056865712, 
    "clustering": 0.0398678180774397, 
    "degree_centrality": 0.32250903455972124, 
    "neighbor_number_1": 0.16471281849208078, 
    "neighbor_number_2": 0.30407856446633974, 
    "neighbor_number_3": 0.03765955871784733
}