{
    "between_node": 0.0, 
    "closeness_centrality": 0.11157192483973812, 
    "clustering": 0.0, 
    "degree_centrality": 0.8183104063824433, 
    "neighbor_number_1": 0.07011766877781846, 
    "neighbor_number_2": 0.0, 
    "neighbor_number_3": 0.0
}