{
    "between_node": 0.0, 
    "closeness_centrality": 0.8855320295104688, 
    "clustering": 0.05417994419256078, 
    "degree_centrality": 0.0, 
    "neighbor_number_1": 0.0, 
    "neighbor_number_2": 0.04706814931630252, 
    "neighbor_number_3": 0.013219876980667847
}