{
    "between_node": 0.0, 
    "closeness_centrality": 0.7905450668913979, 
    "clustering": 0.04836830987305785, 
    "degree_centrality": 0.05405405405405406, 
    "neighbor_number_1": 0.0, 
    "neighbor_number_2": 0.04463645529543361, 
    "neighbor_number_3": 0.06239611388605647
}