{
    "between_node": 0.0, 
    "closeness_centrality": 0.7343706009429315, 
    "clustering": 0.05405405405405404, 
    "degree_centrality": 0.21157534500301434, 
    "neighbor_number_1": 0.0, 
    "neighbor_number_2": 0.0, 
    "neighbor_number_3": 0.0
}