{
    "between_node": 0.0, 
    "closeness_centrality": 0.9337261192613492, 
    "clustering": 0.051908764065010965, 
    "degree_centrality": 0.014365116673639764, 
    "neighbor_number_1": 0.0, 
    "neighbor_number_2": 0.0, 
    "neighbor_number_3": 0.0
}