{
    "between_node": 0.0, 
    "closeness_centrality": 0.832782755016879, 
    "clustering": 0.04629700578771249, 
    "degree_centrality": 0.0668661851413544, 
    "neighbor_number_1": 0.0, 
    "neighbor_number_2": 0.05405405405405406, 
    "neighbor_number_3": 0.0
}