{
    "between_node": 0.0, 
    "closeness_centrality": 0.8287531374621369, 
    "clustering": 0.05910835492078524, 
    "degree_centrality": 0.0, 
    "neighbor_number_1": 0.0, 
    "neighbor_number_2": 0.049708249419391996, 
    "neighbor_number_3": 0.0624302581976859
}