{
    "between_node": 0.0020473440988094055, 
    "closeness_centrality": 0.5218921911509207, 
    "clustering": 0.005513760766879614, 
    "degree_centrality": 0.35986575065953885, 
    "neighbor_number_1": 0.000296347411723888, 
    "neighbor_number_2": 0.0841190397822854, 
    "neighbor_number_3": 0.026265566129842127
}