{
    "between_node": 0.0, 
    "closeness_centrality": 0.7931946861878213, 
    "clustering": 0.04563230697082882, 
    "degree_centrality": 0.007434525140136149, 
    "neighbor_number_1": 0.04759203853002952, 
    "neighbor_number_2": 0.05405405405405406, 
    "neighbor_number_3": 0.05209238911713021
}