{
    "between_node": 0.0, 
    "closeness_centrality": 0.6249501642695109, 
    "clustering": 0.04391192525373293, 
    "degree_centrality": 0.14829523290331645, 
    "neighbor_number_1": 0.026624786466736154, 
    "neighbor_number_2": 0.1411949534018101, 
    "neighbor_number_3": 0.015022937704893422
}