{
    "between_node": 0.0, 
    "closeness_centrality": 0.11355882495788079, 
    "clustering": 0.08880077076194073, 
    "degree_centrality": 0.37503690461983014, 
    "neighbor_number_1": 0.11714236071132109, 
    "neighbor_number_2": 0.2606096603701893, 
    "neighbor_number_3": 0.044851478578838
}