{
    "between_node": 0.0, 
    "closeness_centrality": 8.761895456951504e-05, 
    "clustering": 0.10349080998525305, 
    "degree_centrality": 0.4513847079307556, 
    "neighbor_number_1": 0.06422613772323707, 
    "neighbor_number_2": 0.2579076688712935, 
    "neighbor_number_3": 0.12290305653489123
}