{
    "between_node": 0.0, 
    "closeness_centrality": 0.6505633300688889, 
    "clustering": 0.04149999392405058, 
    "degree_centrality": 0.07642006928759093, 
    "neighbor_number_1": 0.030832430156346156, 
    "neighbor_number_2": 0.07863495488517175, 
    "neighbor_number_3": 0.12204922167795168
}