{
    "between_node": 0.0, 
    "closeness_centrality": 0.6348992192385412, 
    "clustering": 0.04050076683232955, 
    "degree_centrality": 0.03995851347753688, 
    "neighbor_number_1": 0.08585703902590994, 
    "neighbor_number_2": 0.19394792516612042, 
    "neighbor_number_3": 0.00483653625956195
}