{
    "between_node": 0.0, 
    "closeness_centrality": 0.4231619884226963, 
    "clustering": 0.0197156740145242, 
    "degree_centrality": 0.37970272863280097, 
    "neighbor_number_1": 0.02143240725828494, 
    "neighbor_number_2": 0.15598720167169372, 
    "neighbor_number_3": 0.0
}