{
    "between_node": 0.0, 
    "closeness_centrality": 0.3927078390508765, 
    "clustering": 0.017584249796737797, 
    "degree_centrality": 0.3774147464310534, 
    "neighbor_number_1": 0.07316944431144333, 
    "neighbor_number_2": 0.13912372040988896, 
    "neighbor_number_3": 0.0
}