{
    "between_node": 0.00014795789935135025, 
    "closeness_centrality": 0.2454579370589993, 
    "clustering": 0.012038594563132523, 
    "degree_centrality": 0.2588139382446501, 
    "neighbor_number_1": 0.1764382827971674, 
    "neighbor_number_2": 0.2544948774999337, 
    "neighbor_number_3": 0.052608411936765624
}