{
    "between_node": 0.0, 
    "closeness_centrality": 0.17270153689039197, 
    "clustering": 0.0, 
    "degree_centrality": 0.5629117577998601, 
    "neighbor_number_1": 0.0, 
    "neighbor_number_2": 0.26438670530974784, 
    "neighbor_number_3": 0.0
}