{
    "between_node": 0.0, 
    "closeness_centrality": 0.05146778065190868, 
    "clustering": 0.0, 
    "degree_centrality": 0.6260334393598155, 
    "neighbor_number_1": 0.0, 
    "neighbor_number_2": 0.3224987799882758, 
    "neighbor_number_3": 0.0
}