{
    "between_node": 0.0, 
    "closeness_centrality": 0.9426699426699426, 
    "clustering": 0.0, 
    "degree_centrality": 0.0, 
    "neighbor_number_1": 0.05733005733005733, 
    "neighbor_number_2": 0.0, 
    "neighbor_number_3": 0.0
}