{
    "between_node": 0.04558102875809539, 
    "closeness_centrality": 0.023658237313494573, 
    "clustering": 0.0, 
    "degree_centrality": 0.9077596698736237, 
    "neighbor_number_1": 0.0, 
    "neighbor_number_2": 0.023001064054786392, 
    "neighbor_number_3": 0.0
}