{
    "between_node": 0.0, 
    "closeness_centrality": 0.024186201906770424, 
    "clustering": 0.0795422588623372, 
    "degree_centrality": 0.8727571762659767, 
    "neighbor_number_1": 0.0, 
    "neighbor_number_2": 0.02351436296491569, 
    "neighbor_number_3": 0.0
}