{
    "between_node": 0.0, 
    "closeness_centrality": 0.8464454227785125, 
    "clustering": 0.0, 
    "degree_centrality": 0.1024223639271119, 
    "neighbor_number_1": 0.051132213294375464, 
    "neighbor_number_2": 0.0, 
    "neighbor_number_3": 0.0
}