{
    "between_node": 0.0, 
    "closeness_centrality": 0.9430514377730953, 
    "clustering": 0.0062946692020195375, 
    "degree_centrality": 0.0506538930248851, 
    "neighbor_number_1": 0.0, 
    "neighbor_number_2": 0.0, 
    "neighbor_number_3": 0.0
}