{
    "between_node": 0.0, 
    "closeness_centrality": 0.0, 
    "clustering": 0.0, 
    "degree_centrality": 0.9488677867056247, 
    "neighbor_number_1": 0.05113221329437547, 
    "neighbor_number_2": 0.0, 
    "neighbor_number_3": 0.0
}