{
    "between_node": 0.0, 
    "closeness_centrality": 0.7874699830648126, 
    "clustering": 0.044714166052175146, 
    "degree_centrality": 0.04229718410340892, 
    "neighbor_number_1": 0.12551866677960333, 
    "neighbor_number_2": 0.0, 
    "neighbor_number_3": 0.0
}