{
    "between_node": 0.0, 
    "closeness_centrality": 0.49590724441681366, 
    "clustering": 0.020364036228697212, 
    "degree_centrality": 0.32999850380195034, 
    "neighbor_number_1": 0.02213722531394981, 
    "neighbor_number_2": 0.0759436424108244, 
    "neighbor_number_3": 0.05564934782776446
}