{
    "between_node": 0.0, 
    "closeness_centrality": 0.7052718844357647, 
    "clustering": 0.05134697156100725, 
    "degree_centrality": 0.05405405405405406, 
    "neighbor_number_1": 0.14782513278013915, 
    "neighbor_number_2": 0.025021382433529967, 
    "neighbor_number_3": 0.016480574735504853
}