{
    "between_node": 0.0, 
    "closeness_centrality": 0.8461194587386521, 
    "clustering": 0.05129972259263714, 
    "degree_centrality": 0.04852676461465675, 
    "neighbor_number_1": 0.0, 
    "neighbor_number_2": 0.05405405405405406, 
    "neighbor_number_3": 0.0
}