{
    "between_node": 0.018940429799557772, 
    "closeness_centrality": 0.3655919492271228, 
    "clustering": 0.0, 
    "degree_centrality": 0.44001995134456107, 
    "neighbor_number_1": 0.0, 
    "neighbor_number_2": 0.15588487572233764, 
    "neighbor_number_3": 0.01956279390642076
}