{
    "between_node": 0.0, 
    "closeness_centrality": 0.8438553771161736, 
    "clustering": 0.05968661049852003, 
    "degree_centrality": 0.045325799090930784, 
    "neighbor_number_1": 0.051132213294375464, 
    "neighbor_number_2": 0.0, 
    "neighbor_number_3": 0.0
}