{
    "between_node": 0.0, 
    "closeness_centrality": 0.8473797946391445, 
    "clustering": 0.04486064980664582, 
    "degree_centrality": 0.0424357498170974, 
    "neighbor_number_1": 0.06532380573711224, 
    "neighbor_number_2": 0.0, 
    "neighbor_number_3": 0.0
}