{
    "between_node": 0.0, 
    "closeness_centrality": 0.9370970209603742, 
    "clustering": 0.056608309837606285, 
    "degree_centrality": 0.006294669202019529, 
    "neighbor_number_1": 0.0, 
    "neighbor_number_2": 0.0, 
    "neighbor_number_3": 0.0
}