{
    "between_node": 0.027777777777777783, 
    "closeness_centrality": 0.0, 
    "clustering": 0.9722222222222223, 
    "degree_centrality": 0.0, 
    "neighbor_number_1": 0.0, 
    "neighbor_number_2": 0.0, 
    "neighbor_number_3": 0.0
}