{
    "between_node": 0.0, 
    "closeness_centrality": 0.9339587002507286, 
    "clustering": 0.0, 
    "degree_centrality": 0.0, 
    "neighbor_number_1": 0.0, 
    "neighbor_number_2": 0.052734002800690356, 
    "neighbor_number_3": 0.013307296948581192
}