{
    "between_node": 0.0, 
    "closeness_centrality": 0.9967558799675589, 
    "clustering": 0.0, 
    "degree_centrality": 0.003244120032441203, 
    "neighbor_number_1": 0.0, 
    "neighbor_number_2": 0.0, 
    "neighbor_number_3": 0.0
}