{
    "between_node": 0.0, 
    "closeness_centrality": 0.9084925897702976, 
    "clustering": 0.0, 
    "degree_centrality": 0.0, 
    "neighbor_number_1": 0.05405405405405407, 
    "neighbor_number_2": 0.0, 
    "neighbor_number_3": 0.037453356175648586
}