{
    "between_node": 0.0, 
    "closeness_centrality": 0.18316829670193085, 
    "clustering": 0.0, 
    "degree_centrality": 0.5970276219089425, 
    "neighbor_number_1": 0.0, 
    "neighbor_number_2": 0.2198040813891265, 
    "neighbor_number_3": 0.0
}