{
    "between_node": 0.0, 
    "closeness_centrality": 0.38662452662338176, 
    "clustering": 0.04836830987305788, 
    "degree_centrality": 0.2234707748855443, 
    "neighbor_number_1": 0.10518626734842952, 
    "neighbor_number_2": 0.23635012126958668, 
    "neighbor_number_3": 0.0
}