{
    "between_node": 0.0, 
    "closeness_centrality": 0.0542311353122164, 
    "clustering": 0.0, 
    "degree_centrality": 0.6663629781914492, 
    "neighbor_number_1": 0.0, 
    "neighbor_number_2": 0.27940588649633435, 
    "neighbor_number_3": 0.0
}