{
    "between_node": 0.0, 
    "closeness_centrality": 0.4152018102980506, 
    "clustering": 0.0, 
    "degree_centrality": 0.2769275471396524, 
    "neighbor_number_1": 0.14146270187874227, 
    "neighbor_number_2": 0.1664079406835548, 
    "neighbor_number_3": 0.0
}