{
    "between_node": 0.0, 
    "closeness_centrality": 0.0, 
    "clustering": 0.0, 
    "degree_centrality": 0.8703232508868398, 
    "neighbor_number_1": 0.0, 
    "neighbor_number_2": 0.12967674911316013, 
    "neighbor_number_3": 0.0
}