{
    "between_node": 0.21626388955194192, 
    "closeness_centrality": 0.0, 
    "clustering": 0.0, 
    "degree_centrality": 0.7619656629356121, 
    "neighbor_number_1": 0.0, 
    "neighbor_number_2": 0.02177044751244606, 
    "neighbor_number_3": 0.0
}