{
    "between_node": 0.0, 
    "closeness_centrality": 0.9117398817366433, 
    "clustering": 0.0, 
    "degree_centrality": 0.0, 
    "neighbor_number_1": 0.0, 
    "neighbor_number_2": 0.0, 
    "neighbor_number_3": 0.08826011826335656
}