{
    "between_node": 0.0, 
    "closeness_centrality": 0.8948137326515704, 
    "clustering": 0.05405405405405406, 
    "degree_centrality": 0.05113221329437546, 
    "neighbor_number_1": 0.0, 
    "neighbor_number_2": 0.0, 
    "neighbor_number_3": 0.0
}