{
    "between_node": 0.0, 
    "closeness_centrality": 0.6490058423269007, 
    "clustering": 0.03535224788769249, 
    "degree_centrality": 0.22327084487565613, 
    "neighbor_number_1": 0.0923710649097506, 
    "neighbor_number_2": 0.0, 
    "neighbor_number_3": 0.0
}