{
    "between_node": 0.0, 
    "closeness_centrality": 0.8803703410178436, 
    "clustering": 0.04894254897558177, 
    "degree_centrality": 0.07068711000657464, 
    "neighbor_number_1": 0.0, 
    "neighbor_number_2": 0.0, 
    "neighbor_number_3": 0.0
}