{
    "between_node": 0.0, 
    "closeness_centrality": 0.8357190707137635, 
    "clustering": 0.05113221329437544, 
    "degree_centrality": 0.0, 
    "neighbor_number_1": 0.0, 
    "neighbor_number_2": 0.0471871098837441, 
    "neighbor_number_3": 0.06596160610811684
}