{
    "between_node": 0.0, 
    "closeness_centrality": 0.8206966144415292, 
    "clustering": 0.0, 
    "degree_centrality": 0.17930338555847072, 
    "neighbor_number_1": 0.0, 
    "neighbor_number_2": 0.0, 
    "neighbor_number_3": 0.0
}