{
    "between_node": 0.0, 
    "closeness_centrality": 0.05163867333782247, 
    "clustering": 0.04254032263690115, 
    "degree_centrality": 0.48359423854662836, 
    "neighbor_number_1": 0.06411778347620828, 
    "neighbor_number_2": 0.3040549279483856, 
    "neighbor_number_3": 0.05405405405405406
}