{
    "between_node": 0.0, 
    "closeness_centrality": 0.7495545331029031, 
    "clustering": 0.09699257906256378, 
    "degree_centrality": 0.05405405405405406, 
    "neighbor_number_1": 0.0, 
    "neighbor_number_2": 0.08820892942049771, 
    "neighbor_number_3": 0.011189904359981321
}