{
    "between_node": 0.0, 
    "closeness_centrality": 0.0, 
    "clustering": 0.12773140931281257, 
    "degree_centrality": 0.0, 
    "neighbor_number_1": 0.7088528914662082, 
    "neighbor_number_2": 0.1634156992209792, 
    "neighbor_number_3": 0.0
}