{
    "between_node": 0.0, 
    "closeness_centrality": 0.8470600436716766, 
    "clustering": 0.10566172936544324, 
    "degree_centrality": 0.016674513390562157, 
    "neighbor_number_1": 0.030603713572317986, 
    "neighbor_number_2": 0.0, 
    "neighbor_number_3": 0.0
}