{
    "between_node": 0.0, 
    "closeness_centrality": 0.027777777777777783, 
    "clustering": 0.04800647926280816, 
    "degree_centrality": 0.8716631904068616, 
    "neighbor_number_1": 0.0, 
    "neighbor_number_2": 0.05255255255255256, 
    "neighbor_number_3": 0.0
}