{
    "between_node": 0.0, 
    "closeness_centrality": 0.0513279206735745, 
    "clustering": 0.10857774502609183, 
    "degree_centrality": 0.5318333003560896, 
    "neighbor_number_1": 0.0031252268628003486, 
    "neighbor_number_2": 0.3018811284809555, 
    "neighbor_number_3": 0.003254678600488204
}