{
    "between_node": 0.8550978454806965, 
    "closeness_centrality": 0.14490215451930344, 
    "clustering": 0.0, 
    "degree_centrality": 0.0, 
    "neighbor_number_1": 0.0, 
    "neighbor_number_2": 0.0, 
    "neighbor_number_3": 0.0
}