{
    "between_node": 0.0, 
    "closeness_centrality": 0.5905061513779989, 
    "clustering": 0.042991508991831275, 
    "degree_centrality": 0.11955078887013858, 
    "neighbor_number_1": 0.13787392958294206, 
    "neighbor_number_2": 0.07869116034366287, 
    "neighbor_number_3": 0.03038646083342639
}