{
    "between_node": 0.0, 
    "closeness_centrality": 0.08831945827193542, 
    "clustering": 0.09477895737367067, 
    "degree_centrality": 0.37944468121374086, 
    "neighbor_number_1": 0.10117783023036014, 
    "neighbor_number_2": 0.2451936198652098, 
    "neighbor_number_3": 0.09108545304508307
}