{
    "between_node": 0.0, 
    "closeness_centrality": 0.1109469555053425, 
    "clustering": 0.08675834014854726, 
    "degree_centrality": 0.4292117266833914, 
    "neighbor_number_1": 0.11444806941644725, 
    "neighbor_number_2": 0.1556029077655561, 
    "neighbor_number_3": 0.10303200048071548
}