{
    "between_node": 0.2947289631531185, 
    "closeness_centrality": 0.0, 
    "clustering": 0.19699914598386653, 
    "degree_centrality": 0.0, 
    "neighbor_number_1": 0.1740132551761498, 
    "neighbor_number_2": 0.126626755724219, 
    "neighbor_number_3": 0.20763187996264618
}