{
    "between_node": 0.0, 
    "closeness_centrality": 0.09518560423814854, 
    "clustering": 0.08266144629917854, 
    "degree_centrality": 0.4089435325234371, 
    "neighbor_number_1": 0.10904361388097308, 
    "neighbor_number_2": 0.20599916962277717, 
    "neighbor_number_3": 0.09816663343548546
}