{
    "between_node": 0.0, 
    "closeness_centrality": 0.7353703965030588, 
    "clustering": 0.0, 
    "degree_centrality": 0.0, 
    "neighbor_number_1": 0.0420211655144605, 
    "neighbor_number_2": 0.16855438392842678, 
    "neighbor_number_3": 0.05405405405405407
}