{
    "between_node": 0.1580140706597306, 
    "closeness_centrality": 0.12573550144816134, 
    "clustering": 0.32012728012905645, 
    "degree_centrality": 0.052441912011093536, 
    "neighbor_number_1": 0.022392082872413045, 
    "neighbor_number_2": 0.01793987491386464, 
    "neighbor_number_3": 0.30334927796568034
}