{
    "between_node": 0.09623711718090425, 
    "closeness_centrality": 0.10923184977534246, 
    "clustering": 0.017050133518703225, 
    "degree_centrality": 0.09114634356519437, 
    "neighbor_number_1": 0.25614619449550796, 
    "neighbor_number_2": 0.2721778569784056, 
    "neighbor_number_3": 0.15801050448594214
}