{
    "between_node": 0.08694316954082214, 
    "closeness_centrality": 0.2549770738517597, 
    "clustering": 0.04989791785609012, 
    "degree_centrality": 0.2091686135503615, 
    "neighbor_number_1": 0.05099635319579304, 
    "neighbor_number_2": 0.26578508090832986, 
    "neighbor_number_3": 0.08223179109684381
}