{
    "between_node": 0.0, 
    "closeness_centrality": 0.8480409036936135, 
    "clustering": 0.043118624143730376, 
    "degree_centrality": 0.04690072390816971, 
    "neighbor_number_1": 0.06193974825448626, 
    "neighbor_number_2": 0.0, 
    "neighbor_number_3": 0.0
}