{
    "between_node": 0.0, 
    "closeness_centrality": 0.6518197004445122, 
    "clustering": 0.08589600945280265, 
    "degree_centrality": 0.048550470936978375, 
    "neighbor_number_1": 0.09713462462189335, 
    "neighbor_number_2": 0.05757923686606256, 
    "neighbor_number_3": 0.05901995767775084
}