{
    "between_node": 0.0, 
    "closeness_centrality": 0.7007509031382, 
    "clustering": 0.0531982328399588, 
    "degree_centrality": 0.039977402935497716, 
    "neighbor_number_1": 0.056072408495025663, 
    "neighbor_number_2": 0.14099266745827113, 
    "neighbor_number_3": 0.009008385133046462
}