{
    "between_node": 0.0, 
    "closeness_centrality": 0.8358943232986167, 
    "clustering": 0.0, 
    "degree_centrality": 0.04558254552337212, 
    "neighbor_number_1": 0.06894236590366039, 
    "neighbor_number_2": 0.0, 
    "neighbor_number_3": 0.049580765274350846
}