{
    "between_node": 0.0, 
    "closeness_centrality": 0.4027184489415674, 
    "clustering": 0.0, 
    "degree_centrality": 0.5109804143420549, 
    "neighbor_number_1": 0.06241403958928143, 
    "neighbor_number_2": 0.0, 
    "neighbor_number_3": 0.02388709712709631
}