{
    "between_node": 0.0, 
    "closeness_centrality": 0.7315042606877551, 
    "clustering": 0.09124737472851083, 
    "degree_centrality": 0.07154263633350331, 
    "neighbor_number_1": 0.10570572825023082, 
    "neighbor_number_2": 0.0, 
    "neighbor_number_3": 0.0
}