{
    "between_node": 0.0, 
    "closeness_centrality": 0.3715282816764878, 
    "clustering": 0.0, 
    "degree_centrality": 0.24779857213007606, 
    "neighbor_number_1": 0.17771498159346913, 
    "neighbor_number_2": 0.20295816459996682, 
    "neighbor_number_3": 0.0
}