{
    "between_node": 0.2144770128001124, 
    "closeness_centrality": 0.13335209256055386, 
    "clustering": 0.08003802032613022, 
    "degree_centrality": 0.2158173486831328, 
    "neighbor_number_1": 0.12717088538989701, 
    "neighbor_number_2": 0.21325651813645308, 
    "neighbor_number_3": 0.015888122103720582
}