{
    "between_node": 0.0, 
    "closeness_centrality": 0.0, 
    "clustering": 0.05405405405405406, 
    "degree_centrality": 0.781515305115671, 
    "neighbor_number_1": 0.16443064083027484, 
    "neighbor_number_2": 0.0, 
    "neighbor_number_3": 0.0
}