{
    "between_node": 0.0, 
    "closeness_centrality": 0.05733005733005733, 
    "clustering": 0.0, 
    "degree_centrality": 0.8156383724024191, 
    "neighbor_number_1": 0.12703157026752354, 
    "neighbor_number_2": 0.0, 
    "neighbor_number_3": 0.0
}