{
    "between_node": 0.0, 
    "closeness_centrality": 0.06080460625915172, 
    "clustering": 0.0, 
    "degree_centrality": 0.8650710010328687, 
    "neighbor_number_1": 0.0741243927079795, 
    "neighbor_number_2": 0.0, 
    "neighbor_number_3": 0.0
}