{
    "between_node": 0.2676034640514474, 
    "closeness_centrality": 0.0, 
    "clustering": 0.004579856634427846, 
    "degree_centrality": 0.5377424435081454, 
    "neighbor_number_1": 0.0450685613847327, 
    "neighbor_number_2": 0.14500567442124662, 
    "neighbor_number_3": 0.0
}