{
    "between_node": 0.1848057047979215, 
    "closeness_centrality": 0.0, 
    "clustering": 0.025415886155112033, 
    "degree_centrality": 0.727076881127731, 
    "neighbor_number_1": 0.05498356567313294, 
    "neighbor_number_2": 0.005431024794061346, 
    "neighbor_number_3": 0.0022869374520412076
}