{
    "between_node": 0.0, 
    "closeness_centrality": 0.046206994038592054, 
    "clustering": 0.08919787818130308, 
    "degree_centrality": 0.4867808197367566, 
    "neighbor_number_1": 0.05737347316169112, 
    "neighbor_number_2": 0.27207252500859924, 
    "neighbor_number_3": 0.04836830987305787
}