{
    "between_node": 0.0, 
    "closeness_centrality": 0.05410968527001319, 
    "clustering": 0.05405405405405407, 
    "degree_centrality": 0.449405115259742, 
    "neighbor_number_1": 0.06718594533619329, 
    "neighbor_number_2": 0.318604553382925, 
    "neighbor_number_3": 0.05664064669707261
}