{
    "between_node": 0.0, 
    "closeness_centrality": 0.7014942998181571, 
    "clustering": 0.04836830987305787, 
    "degree_centrality": 0.052843806294311936, 
    "neighbor_number_1": 0.05405405405405406, 
    "neighbor_number_2": 0.04207532019537701, 
    "neighbor_number_3": 0.1011642097650419
}