{
    "between_node": 0.12956158630027925, 
    "closeness_centrality": 0.1583077034119063, 
    "clustering": 0.19897583919653125, 
    "degree_centrality": 0.15310842033686525, 
    "neighbor_number_1": 0.08228199229705022, 
    "neighbor_number_2": 0.08354475718672798, 
    "neighbor_number_3": 0.19421970127063964
}