{
    "between_node": 0.0, 
    "closeness_centrality": 0.35313813535381, 
    "clustering": 0.10500439805299996, 
    "degree_centrality": 0.5384928846277433, 
    "neighbor_number_1": 0.0, 
    "neighbor_number_2": 0.0, 
    "neighbor_number_3": 0.0033645819654467553
}