{
    "between_node": 0.0, 
    "closeness_centrality": 0.7908649919814632, 
    "clustering": 0.0, 
    "degree_centrality": 0.10167182563376362, 
    "neighbor_number_1": 0.10746318238477326, 
    "neighbor_number_2": 0.0, 
    "neighbor_number_3": 0.0
}