{
    "between_node": 0.0, 
    "closeness_centrality": 0.5500092721405315, 
    "clustering": 0.07935467402888521, 
    "degree_centrality": 0.3165819997765292, 
    "neighbor_number_1": 0.0, 
    "neighbor_number_2": 0.05405405405405406, 
    "neighbor_number_3": 0.0
}