{
    "between_node": 0.0001347423309245947, 
    "closeness_centrality": 0.2293638830487128, 
    "clustering": 0.013236014524408053, 
    "degree_centrality": 0.24121178322179024, 
    "neighbor_number_1": 0.1873027814156899, 
    "neighbor_number_2": 0.20620458004281664, 
    "neighbor_number_3": 0.12254621541565772
}