{
    "between_node": 0.004809844191471368, 
    "closeness_centrality": 0.09834146987790474, 
    "clustering": 0.2246943300140311, 
    "degree_centrality": 0.09614746262388393, 
    "neighbor_number_1": 0.13458100407858412, 
    "neighbor_number_2": 0.3931545113971998, 
    "neighbor_number_3": 0.04827137781692489
}