{
    "between_node": 0.0, 
    "closeness_centrality": 0.8464454227785124, 
    "clustering": 0.05405405405405404, 
    "degree_centrality": 0.0, 
    "neighbor_number_1": 0.04836830987305785, 
    "neighbor_number_2": 0.0, 
    "neighbor_number_3": 0.05113221329437545
}