{
    "between_node": 0.0, 
    "closeness_centrality": 0.8451446971335818, 
    "clustering": 0.0, 
    "degree_centrality": 0.15485530286641822, 
    "neighbor_number_1": 0.0, 
    "neighbor_number_2": 0.0, 
    "neighbor_number_3": 0.0
}