{
    "between_node": 0.0, 
    "closeness_centrality": 0.06676228896344466, 
    "clustering": 0.05078131725496059, 
    "degree_centrality": 0.41079332633043875, 
    "neighbor_number_1": 0.16071801752769804, 
    "neighbor_number_2": 0.20892243146946224, 
    "neighbor_number_3": 0.10202261845399567
}