{
    "between_node": 0.1962860052527325, 
    "closeness_centrality": 0.10720135245335355, 
    "clustering": 0.13830597359042904, 
    "degree_centrality": 0.20027011962267588, 
    "neighbor_number_1": 0.05380695473432007, 
    "neighbor_number_2": 0.2268200438280862, 
    "neighbor_number_3": 0.07730955051840283
}