{
    "between_node": 0.11020738168441942, 
    "closeness_centrality": 0.18020646284389524, 
    "clustering": 0.08974624267160318, 
    "degree_centrality": 0.26266203157004886, 
    "neighbor_number_1": 0.07903294077858321, 
    "neighbor_number_2": 0.2324083420060645, 
    "neighbor_number_3": 0.0457365984453855
}