{
    "between_node": 0.0, 
    "closeness_centrality": 0.24471471021067903, 
    "clustering": 0.0, 
    "degree_centrality": 0.6046436901598253, 
    "neighbor_number_1": 0.0, 
    "neighbor_number_2": 0.1506415996294957, 
    "neighbor_number_3": 0.0
}