{
    "between_node": 0.0, 
    "closeness_centrality": 0.639250992329243, 
    "clustering": 0.06329999137684875, 
    "degree_centrality": 0.17097423949151597, 
    "neighbor_number_1": 0.009399262955556048, 
    "neighbor_number_2": 0.09226618674997088, 
    "neighbor_number_3": 0.024809327096865348
}