{
    "between_node": 0.0, 
    "closeness_centrality": 0.046985003048014014, 
    "clustering": 0.05405405405405407, 
    "degree_centrality": 0.5711283912288643, 
    "neighbor_number_1": 0.10622658571046342, 
    "neighbor_number_2": 0.17274176344206643, 
    "neighbor_number_3": 0.048864202516537995
}