{
    "between_node": 0.0, 
    "closeness_centrality": 0.23863339019916563, 
    "clustering": 0.05891251777380366, 
    "degree_centrality": 0.4275244165675593, 
    "neighbor_number_1": 0.016501714575785552, 
    "neighbor_number_2": 0.2584279608836858, 
    "neighbor_number_3": 0.0
}