{
    "between_node": 0.0, 
    "closeness_centrality": 0.6389145367370898, 
    "clustering": 0.0752903144028399, 
    "degree_centrality": 0.1385431582655739, 
    "neighbor_number_1": 0.01117967708503677, 
    "neighbor_number_2": 0.10995392829238067, 
    "neighbor_number_3": 0.026118385217079005
}