{
    "between_node": 0.0, 
    "closeness_centrality": 0.6183696177650289, 
    "clustering": 0.050385468065736946, 
    "degree_centrality": 0.1360919156003888, 
    "neighbor_number_1": 0.053264637669493346, 
    "neighbor_number_2": 0.07358290620272809, 
    "neighbor_number_3": 0.06830545469662394
}