{
    "between_node": 0.0, 
    "closeness_centrality": 0.1539440794972115, 
    "clustering": 0.08767555025407762, 
    "degree_centrality": 0.40342999265396334, 
    "neighbor_number_1": 0.1419280124539457, 
    "neighbor_number_2": 0.1671926202915505, 
    "neighbor_number_3": 0.045829744849251376
}