{
    "between_node": 0.0, 
    "closeness_centrality": 0.6932363045621717, 
    "clustering": 0.05423113531221639, 
    "degree_centrality": 0.09649112433423233, 
    "neighbor_number_1": 0.10198738173732547, 
    "neighbor_number_2": 0.0, 
    "neighbor_number_3": 0.05405405405405406
}