{
    "between_node": 0.0, 
    "closeness_centrality": 0.18547045485417726, 
    "clustering": 0.03782465476281282, 
    "degree_centrality": 0.4216160021837844, 
    "neighbor_number_1": 0.04951031754503319, 
    "neighbor_number_2": 0.1513938821551156, 
    "neighbor_number_3": 0.15418468849907682
}