{
    "between_node": 0.0, 
    "closeness_centrality": 0.8371390847650891, 
    "clustering": 0.05423113531221641, 
    "degree_centrality": 0.057330057330057325, 
    "neighbor_number_1": 0.05129972259263714, 
    "neighbor_number_2": 0.0, 
    "neighbor_number_3": 0.0
}