{
    "between_node": 0.0, 
    "closeness_centrality": 0.7603915260047837, 
    "clustering": 0.04855864718836379, 
    "degree_centrality": 0.0, 
    "neighbor_number_1": 0.043450944343130495, 
    "neighbor_number_2": 0.05405405405405407, 
    "neighbor_number_3": 0.09354482840966816
}