{
    "between_node": 0.0, 
    "closeness_centrality": 0.08261272984742977, 
    "clustering": 0.12337616625039151, 
    "degree_centrality": 0.5083222672285171, 
    "neighbor_number_1": 0.13826899849953933, 
    "neighbor_number_2": 0.0901536443506442, 
    "neighbor_number_3": 0.057266193823478105
}