{
    "between_node": 0.0, 
    "closeness_centrality": 0.8144455800588376, 
    "clustering": 0.048558647188363786, 
    "degree_centrality": 0.0, 
    "neighbor_number_1": 0.04345094434313049, 
    "neighbor_number_2": 0.0, 
    "neighbor_number_3": 0.09354482840966814
}