{
    "between_node": 8.079603285057021e-05, 
    "closeness_centrality": 0.48182922748118007, 
    "clustering": 0.0, 
    "degree_centrality": 0.14474774484572148, 
    "neighbor_number_1": 0.11231304651196997, 
    "neighbor_number_2": 0.22398600706795888, 
    "neighbor_number_3": 0.03704317806031891
}