{
    "between_node": 0.0, 
    "closeness_centrality": 0.7503192977452365, 
    "clustering": 0.09721974983727052, 
    "degree_centrality": 0.0070326589163450075, 
    "neighbor_number_1": 0.045019495906784696, 
    "neighbor_number_2": 0.05113221329437547, 
    "neighbor_number_3": 0.04927658429998805
}