{
    "between_node": 0.0, 
    "closeness_centrality": 0.8410825197679529, 
    "clustering": 0.0, 
    "degree_centrality": 0.050984820982334395, 
    "neighbor_number_1": 0.053878605195658576, 
    "neighbor_number_2": 0.05405405405405404, 
    "neighbor_number_3": 0.0
}