{
    "between_node": 0.0, 
    "closeness_centrality": 0.768706684762746, 
    "clustering": 0.0, 
    "degree_centrality": 0.0, 
    "neighbor_number_1": 0.1317927920698208, 
    "neighbor_number_2": 0.04836830987305787, 
    "neighbor_number_3": 0.05113221329437546
}