{
    "between_node": 0.018367640110991967, 
    "closeness_centrality": 0.0, 
    "clustering": 0.0, 
    "degree_centrality": 0.9816323598890081, 
    "neighbor_number_1": 0.0, 
    "neighbor_number_2": 0.0, 
    "neighbor_number_3": 0.0
}