{
    "between_node": 0.0, 
    "closeness_centrality": 0.8790175775236362, 
    "clustering": 0.003637312590703134, 
    "degree_centrality": 0.11409103462625964, 
    "neighbor_number_1": 0.0032540752594010505, 
    "neighbor_number_2": 0.0, 
    "neighbor_number_3": 0.0
}