{
    "between_node": 0.0, 
    "closeness_centrality": 0.5860691285419097, 
    "clustering": 0.0, 
    "degree_centrality": 0.21727684590650154, 
    "neighbor_number_1": 0.05305589261225724, 
    "neighbor_number_2": 0.09766314783264299, 
    "neighbor_number_3": 0.04593498510668832
}