{
    "between_node": 0.0, 
    "closeness_centrality": 0.5860691285419098, 
    "clustering": 0.0, 
    "degree_centrality": 0.2172768459065016, 
    "neighbor_number_1": 0.05305589261225725, 
    "neighbor_number_2": 0.09766314783264302, 
    "neighbor_number_3": 0.04593498510668833
}