{
    "between_node": 0.0, 
    "closeness_centrality": 0.18146396466540698, 
    "clustering": 0.10324264316556041, 
    "degree_centrality": 0.4148494513811125, 
    "neighbor_number_1": 0.04959872833380524, 
    "neighbor_number_2": 0.1968782401325481, 
    "neighbor_number_3": 0.05396697232156672
}