{
    "between_node": 0.0, 
    "closeness_centrality": 0.7917092273050297, 
    "clustering": 0.05055859741950254, 
    "degree_centrality": 0.05183098845761662, 
    "neighbor_number_1": 0.043171020888918006, 
    "neighbor_number_2": 0.05405405405405406, 
    "neighbor_number_3": 0.008676111874879005
}