{
    "between_node": 0.0, 
    "closeness_centrality": 0.4567624990566566, 
    "clustering": 0.0, 
    "degree_centrality": 0.2640108492192997, 
    "neighbor_number_1": 0.0, 
    "neighbor_number_2": 0.2792266517240437, 
    "neighbor_number_3": 0.0
}