{
    "between_node": 0.0, 
    "closeness_centrality": 0.04852676461465675, 
    "clustering": 0.0, 
    "degree_centrality": 0.6474029571106832, 
    "neighbor_number_1": 0.0, 
    "neighbor_number_2": 0.30407027827466004, 
    "neighbor_number_3": 0.0
}