{
    "between_node": 0.0, 
    "closeness_centrality": 0.7790855441113952, 
    "clustering": 0.05362275483886634, 
    "degree_centrality": 0.11230231781540831, 
    "neighbor_number_1": 0.045787446397337284, 
    "neighbor_number_2": 0.0, 
    "neighbor_number_3": 0.009201936836992886
}