{
    "between_node": 0.0, 
    "closeness_centrality": 0.8077973808951112, 
    "clustering": 0.048134092802118125, 
    "degree_centrality": 0.046027487728518925, 
    "neighbor_number_1": 0.0, 
    "neighbor_number_2": 0.08978098399477293, 
    "neighbor_number_3": 0.008260054579478761
}