{
    "between_node": 0.0, 
    "closeness_centrality": 0.6585876401833122, 
    "clustering": 0.08820161208523529, 
    "degree_centrality": 0.0435095747363946, 
    "neighbor_number_1": 0.13803846099211506, 
    "neighbor_number_2": 0.044181056116495546, 
    "neighbor_number_3": 0.02748165588644743
}