{
    "between_node": 0.0, 
    "closeness_centrality": 0.05129972259263715, 
    "clustering": 0.0, 
    "degree_centrality": 0.6843974118027224, 
    "neighbor_number_1": 0.0, 
    "neighbor_number_2": 0.26430286560464067, 
    "neighbor_number_3": 0.0
}