{
    "between_node": 0.0, 
    "closeness_centrality": 0.055700268369426695, 
    "clustering": 0.0, 
    "degree_centrality": 0.566606000605306, 
    "neighbor_number_1": 0.057517870785684065, 
    "neighbor_number_2": 0.32017586023958317, 
    "neighbor_number_3": 0.0
}