{
    "between_node": 0.0, 
    "closeness_centrality": 0.051805550250342225, 
    "clustering": 0.0, 
    "degree_centrality": 0.6301419332707666, 
    "neighbor_number_1": 0.20320458836314967, 
    "neighbor_number_2": 0.05733005733005733, 
    "neighbor_number_3": 0.05751787078568406
}