{
    "between_node": 0.0, 
    "closeness_centrality": 0.06270797726736548, 
    "clustering": 0.0, 
    "degree_centrality": 0.6153578840506464, 
    "neighbor_number_1": 0.03291469416654332, 
    "neighbor_number_2": 0.2890194445154449, 
    "neighbor_number_3": 0.0
}