{
    "between_node": 0.0, 
    "closeness_centrality": 0.8464454227785126, 
    "clustering": 0.0, 
    "degree_centrality": 0.05405405405405406, 
    "neighbor_number_1": 0.04836830987305787, 
    "neighbor_number_2": 0.0, 
    "neighbor_number_3": 0.05113221329437546
}