{
    "between_node": 0.0, 
    "closeness_centrality": 0.7773915620175191, 
    "clustering": 0.0, 
    "degree_centrality": 0.0, 
    "neighbor_number_1": 0.044422374972429665, 
    "neighbor_number_2": 0.0, 
    "neighbor_number_3": 0.17818606301005113
}