{
    "between_node": 0.0, 
    "closeness_centrality": 0.8327751913058179, 
    "clustering": 0.05318107227510972, 
    "degree_centrality": 0.0, 
    "neighbor_number_1": 0.04758715378890388, 
    "neighbor_number_2": 0.0, 
    "neighbor_number_3": 0.06645658263016839
}