{
    "between_node": 0.0, 
    "closeness_centrality": 0.049231912001653354, 
    "clustering": 0.09237838366006158, 
    "degree_centrality": 0.4570152620608861, 
    "neighbor_number_1": 0.061453638696369106, 
    "neighbor_number_2": 0.23021458221516894, 
    "neighbor_number_3": 0.10970622136586089
}