{
    "between_node": 0.0, 
    "closeness_centrality": 0.7638774848056306, 
    "clustering": 0.005414208109372571, 
    "degree_centrality": 0.0, 
    "neighbor_number_1": 0.13096483810710988, 
    "neighbor_number_2": 0.04893248052406897, 
    "neighbor_number_3": 0.05081098845381793
}