{
    "between_node": 0.0, 
    "closeness_centrality": 0.3942752142863105, 
    "clustering": 0.03602761760329109, 
    "degree_centrality": 0.509797454842394, 
    "neighbor_number_1": 0.056714424526855746, 
    "neighbor_number_2": 0.0, 
    "neighbor_number_3": 0.0031852887411485875
}