{
    "between_node": 0.0, 
    "closeness_centrality": 0.7328498076800101, 
    "clustering": 0.057330057330057325, 
    "degree_centrality": 0.10200490286761704, 
    "neighbor_number_1": 0.1078152321223155, 
    "neighbor_number_2": 0.0, 
    "neighbor_number_3": 0.0
}