{
    "between_node": 0.0, 
    "closeness_centrality": 0.7435099794650178, 
    "clustering": 0.10552183470596271, 
    "degree_centrality": 0.04214958871357782, 
    "neighbor_number_1": 0.10881859711544149, 
    "neighbor_number_2": 0.0, 
    "neighbor_number_3": 0.0
}