{
    "between_node": 0.0, 
    "closeness_centrality": 0.339763215905903, 
    "clustering": 0.017641855856677973, 
    "degree_centrality": 0.429783371671149, 
    "neighbor_number_1": 0.07323206639254863, 
    "neighbor_number_2": 0.13957949017372154, 
    "neighbor_number_3": 0.0
}