{
    "between_node": 0.0, 
    "closeness_centrality": 0.892058824847572, 
    "clustering": 0.05113221329437546, 
    "degree_centrality": 0.0, 
    "neighbor_number_1": 0.05405405405405406, 
    "neighbor_number_2": 0.0, 
    "neighbor_number_3": 0.002754907803998416
}