{
    "between_node": 0.0, 
    "closeness_centrality": 0.7786039065651654, 
    "clustering": 0.0, 
    "degree_centrality": 0.04836830987305787, 
    "neighbor_number_1": 0.06784151621334723, 
    "neighbor_number_2": 0.10518626734842952, 
    "neighbor_number_3": 0.0
}