{
    "between_node": 0.0, 
    "closeness_centrality": 0.8709918233013274, 
    "clustering": 0.0, 
    "degree_centrality": 0.0, 
    "neighbor_number_1": 0.07118163221423039, 
    "neighbor_number_2": 0.0, 
    "neighbor_number_3": 0.057826544484442174
}