{
    "between_node": 0.0, 
    "closeness_centrality": 0.422707775144182, 
    "clustering": 0.01607677241044577, 
    "degree_centrality": 0.40689379751029064, 
    "neighbor_number_1": 0.004100992335654872, 
    "neighbor_number_2": 0.08376893201012087, 
    "neighbor_number_3": 0.06645173058930576
}