{
    "between_node": 0.0, 
    "closeness_centrality": 0.8230955583688891, 
    "clustering": 0.0, 
    "degree_centrality": 0.0, 
    "neighbor_number_1": 0.07171817428268136, 
    "neighbor_number_2": 0.05405405405405406, 
    "neighbor_number_3": 0.05113221329437546
}