{
    "between_node": 0.0, 
    "closeness_centrality": 0.8285689678678778, 
    "clustering": 0.012009556895367809, 
    "degree_centrality": 0.04149372648379599, 
    "neighbor_number_1": 0.11792774875295826, 
    "neighbor_number_2": 0.0, 
    "neighbor_number_3": 0.0
}