{
    "between_node": 0.0, 
    "closeness_centrality": 0.053240192851072544, 
    "clustering": 0.00913628725859113, 
    "degree_centrality": 0.8925586023437008, 
    "neighbor_number_1": 0.04506491754663564, 
    "neighbor_number_2": 0.0, 
    "neighbor_number_3": 0.0
}