{
    "between_node": 0.00012700724571507274, 
    "closeness_centrality": 0.21637811912520474, 
    "clustering": 0.058229987933632966, 
    "degree_centrality": 0.17916776767574785, 
    "neighbor_number_1": 0.2789727487923695, 
    "neighbor_number_2": 0.26712436922733007, 
    "neighbor_number_3": 0.0
}