{
    "between_node": 0.0, 
    "closeness_centrality": 0.803842470347914, 
    "clustering": 0.05133342702769886, 
    "degree_centrality": 0.0, 
    "neighbor_number_1": 0.04593385544845223, 
    "neighbor_number_2": 0.0, 
    "neighbor_number_3": 0.09889024717593489
}