{
    "between_node": 0.00016878651494701768, 
    "closeness_centrality": 0.21960385328739324, 
    "clustering": 0.07738485055233663, 
    "degree_centrality": 0.23810533742829998, 
    "neighbor_number_1": 0.23462696168384858, 
    "neighbor_number_2": 0.2301102105331745, 
    "neighbor_number_3": 0.0
}