{
    "between_node": 0.0, 
    "closeness_centrality": 0.31293822441243724, 
    "clustering": 0.013048288057888982, 
    "degree_centrality": 0.1616610217032398, 
    "neighbor_number_1": 0.13512197068054682, 
    "neighbor_number_2": 0.29520430629149824, 
    "neighbor_number_3": 0.08202618885438907
}