{
    "between_node": 0.0, 
    "closeness_centrality": 0.09954671089746471, 
    "clustering": 0.08796277564393537, 
    "degree_centrality": 0.46208168796159294, 
    "neighbor_number_1": 0.13668859839014183, 
    "neighbor_number_2": 0.1677403438633492, 
    "neighbor_number_3": 0.045979883243515915
}