{
    "between_node": 0.0, 
    "closeness_centrality": 0.7663799499483192, 
    "clustering": 0.002155941796872561, 
    "degree_centrality": 0.0, 
    "neighbor_number_1": 0.13139387934579003, 
    "neighbor_number_2": 0.0490927834905688, 
    "neighbor_number_3": 0.05097744541844962
}