{
    "between_node": 0.0, 
    "closeness_centrality": 0.8385200968271254, 
    "clustering": 0.048239867369161894, 
    "degree_centrality": 0.00785935514814393, 
    "neighbor_number_1": 0.050311583588888355, 
    "neighbor_number_2": 0.0, 
    "neighbor_number_3": 0.05506909706668051
}