{
    "between_node": 0.0, 
    "closeness_centrality": 0.2587029751176751, 
    "clustering": 0.0, 
    "degree_centrality": 0.4796010557312005, 
    "neighbor_number_1": 0.03659735824368424, 
    "neighbor_number_2": 0.2250986109074401, 
    "neighbor_number_3": 0.0
}