{
    "between_node": 0.0020343650635987857, 
    "closeness_centrality": 0.442286383296785, 
    "clustering": 0.005276033167066752, 
    "degree_centrality": 0.35758439978568113, 
    "neighbor_number_1": 0.029145793094569446, 
    "neighbor_number_2": 0.0835857713493665, 
    "neighbor_number_3": 0.0800872542429323
}