{
    "between_node": 0.0, 
    "closeness_centrality": 0.05981944926072782, 
    "clustering": 0.0, 
    "degree_centrality": 0.6410666053473223, 
    "neighbor_number_1": 0.026227032850104977, 
    "neighbor_number_2": 0.21837623634994846, 
    "neighbor_number_3": 0.054510676191896416
}