{
    "between_node": 0.0001677556365984376, 
    "closeness_centrality": 0.27830181876055327, 
    "clustering": 0.013649437465268772, 
    "degree_centrality": 0.2934449404940391, 
    "neighbor_number_1": 0.012186270030387624, 
    "neighbor_number_2": 0.2885479610971049, 
    "neighbor_number_3": 0.1137018165160481
}