{
    "between_node": 0.0, 
    "closeness_centrality": 0.09420023985687885, 
    "clustering": 0.042625975894532334, 
    "degree_centrality": 0.016066054324694917, 
    "neighbor_number_1": 0.667490400466791, 
    "neighbor_number_2": 0.04949151699857965, 
    "neighbor_number_3": 0.1301258124585233
}