{
    "between_node": 0.0, 
    "closeness_centrality": 0.048685738454508215, 
    "clustering": 0.0, 
    "degree_centrality": 0.5921937939890147, 
    "neighbor_number_1": 0.0, 
    "neighbor_number_2": 0.30506641350242314, 
    "neighbor_number_3": 0.05405405405405407
}