{
    "between_node": 0.0, 
    "closeness_centrality": 0.6248631669237341, 
    "clustering": 0.03990379827491974, 
    "degree_centrality": 0.13765791803038044, 
    "neighbor_number_1": 0.05405405405405404, 
    "neighbor_number_2": 0.07442962078831504, 
    "neighbor_number_3": 0.06909144192859654
}