{
    "between_node": 0.0, 
    "closeness_centrality": 0.172701536890392, 
    "clustering": 0.0, 
    "degree_centrality": 0.5629117577998602, 
    "neighbor_number_1": 0.0, 
    "neighbor_number_2": 0.2643867053097479, 
    "neighbor_number_3": 0.0
}