{
    "between_node": 0.0, 
    "closeness_centrality": 0.8464454227785128, 
    "clustering": 0.048368309873057874, 
    "degree_centrality": 0.05113221329437547, 
    "neighbor_number_1": 0.05405405405405407, 
    "neighbor_number_2": 0.0, 
    "neighbor_number_3": 0.0
}