{
    "between_node": 0.0, 
    "closeness_centrality": 0.37822560787666576, 
    "clustering": 0.0, 
    "degree_centrality": 0.43256983324823156, 
    "neighbor_number_1": 0.020646654981606883, 
    "neighbor_number_2": 0.1685579038934958, 
    "neighbor_number_3": 0.0
}