{
    "between_node": 0.0, 
    "closeness_centrality": 0.9604064520428858, 
    "clustering": 0.0, 
    "degree_centrality": 0.0, 
    "neighbor_number_1": 0.0, 
    "neighbor_number_2": 0.0, 
    "neighbor_number_3": 0.039593547957114214
}