{
    "between_node": 0.16571429817707198, 
    "closeness_centrality": 0.15387492991736124, 
    "clustering": 0.04203374303420324, 
    "degree_centrality": 0.2043042321947514, 
    "neighbor_number_1": 0.0762348893912889, 
    "neighbor_number_2": 0.18639932142444812, 
    "neighbor_number_3": 0.17143858586087515
}