{
    "between_node": 0.1797861750157279, 
    "closeness_centrality": 0.09022455671360424, 
    "clustering": 0.2131630527425066, 
    "degree_centrality": 0.054470052631294556, 
    "neighbor_number_1": 0.21319877862304198, 
    "neighbor_number_2": 0.06043696587656272, 
    "neighbor_number_3": 0.1887204183972618
}