{
    "between_node": 0.0, 
    "closeness_centrality": 0.0, 
    "clustering": 0.0029123311070840398, 
    "degree_centrality": 0.9459554555985406, 
    "neighbor_number_1": 0.0, 
    "neighbor_number_2": 0.0, 
    "neighbor_number_3": 0.05113221329437547
}