{
    "between_node": 0.0, 
    "closeness_centrality": 0.349724432016838, 
    "clustering": 0.01458212763367348, 
    "degree_centrality": 0.12025627649937569, 
    "neighbor_number_1": 0.15100569621360702, 
    "neighbor_number_2": 0.3299058737249478, 
    "neighbor_number_3": 0.03452559391155805
}