{
    "between_node": 0.0, 
    "closeness_centrality": 0.32541889357343684, 
    "clustering": 0.015421761349571905, 
    "degree_centrality": 0.1569167629449234, 
    "neighbor_number_1": 0.13392670129587855, 
    "neighbor_number_2": 0.25994476180405707, 
    "neighbor_number_3": 0.10837111903213213
}