{
    "between_node": 0.190655342618217, 
    "closeness_centrality": 0.014297378540146765, 
    "clustering": 0.0678044197124802, 
    "degree_centrality": 0.1756632270218078, 
    "neighbor_number_1": 0.16324745768147123, 
    "neighbor_number_2": 0.1280120934645576, 
    "neighbor_number_3": 0.2603200809613192
}