{
    "between_node": 0.0, 
    "closeness_centrality": 0.8920756843799552, 
    "clustering": 0.005954416812721185, 
    "degree_centrality": 0.047915844753269696, 
    "neighbor_number_1": 0.05405405405405407, 
    "neighbor_number_2": 0.0, 
    "neighbor_number_3": 0.0
}