{
    "between_node": 0.0, 
    "closeness_centrality": 0.34773473490201656, 
    "clustering": 0.11611043240675156, 
    "degree_centrality": 0.4396157918240103, 
    "neighbor_number_1": 0.018045459510268834, 
    "neighbor_number_2": 0.07849358135695277, 
    "neighbor_number_3": 0.0
}