{
    "between_node": 0.0, 
    "closeness_centrality": 0.8944691420951465, 
    "clustering": 0.054231135312216405, 
    "degree_centrality": 0.05129972259263713, 
    "neighbor_number_1": 0.0, 
    "neighbor_number_2": 0.0, 
    "neighbor_number_3": 0.0
}