{
    "between_node": 0.0, 
    "closeness_centrality": 0.7455731349749513, 
    "clustering": 0.05428108422163624, 
    "degree_centrality": 0.0, 
    "neighbor_number_1": 0.15627228322471853, 
    "neighbor_number_2": 0.026451175715445967, 
    "neighbor_number_3": 0.017422321863247988
}