{
    "between_node": 0.0, 
    "closeness_centrality": 0.774261508630374, 
    "clustering": 0.11446051435615709, 
    "degree_centrality": 0.0, 
    "neighbor_number_1": 0.06078212144963907, 
    "neighbor_number_2": 0.030986929045288766, 
    "neighbor_number_3": 0.019508926518541084
}