{
    "between_node": 0.0, 
    "closeness_centrality": 0.0, 
    "clustering": 0.0, 
    "degree_centrality": 0.9196612989056703, 
    "neighbor_number_1": 0.0, 
    "neighbor_number_2": 0.08033870109432968, 
    "neighbor_number_3": 0.0
}