{
    "between_node": 0.0, 
    "closeness_centrality": 0.0, 
    "clustering": 0.15268205391120784, 
    "degree_centrality": 0.0, 
    "neighbor_number_1": 0.8473179460887922, 
    "neighbor_number_2": 0.0, 
    "neighbor_number_3": 0.0
}