{
    "between_node": 0.0, 
    "closeness_centrality": 0.8701295902756828, 
    "clustering": 0.0, 
    "degree_centrality": 0.0, 
    "neighbor_number_1": 0.07581635567026315, 
    "neighbor_number_2": 0.0, 
    "neighbor_number_3": 0.05405405405405406
}