{
    "between_node": 0.0, 
    "closeness_centrality": 0.45018507391709145, 
    "clustering": 0.04534845704942183, 
    "degree_centrality": 0.4995994851081063, 
    "neighbor_number_1": 0.004367569385565452, 
    "neighbor_number_2": 0.0, 
    "neighbor_number_3": 0.0004994145398149514
}