{
    "between_node": 0.0, 
    "closeness_centrality": 0.9430336148388619, 
    "clustering": 0.05405405405405406, 
    "degree_centrality": 0.0, 
    "neighbor_number_1": 0.0, 
    "neighbor_number_2": 0.0, 
    "neighbor_number_3": 0.0029123311070840398
}