{
    "between_node": 0.0, 
    "closeness_centrality": 0.8759157660317566, 
    "clustering": 0.012695817289388827, 
    "degree_centrality": 0.04386479656858434, 
    "neighbor_number_1": 0.06752362011027016, 
    "neighbor_number_2": 0.0, 
    "neighbor_number_3": 0.0
}