{
    "between_node": 0.0, 
    "closeness_centrality": 0.8636199274899747, 
    "clustering": 0.0, 
    "degree_centrality": 0.0, 
    "neighbor_number_1": 0.07524915405504357, 
    "neighbor_number_2": 0.0, 
    "neighbor_number_3": 0.061130918454981725
}