{
    "between_node": 0.0, 
    "closeness_centrality": 0.7982415729477318, 
    "clustering": 0.05646030722832976, 
    "degree_centrality": 0.04287575589682641, 
    "neighbor_number_1": 0.04836830987305787, 
    "neighbor_number_2": 0.05405405405405406, 
    "neighbor_number_3": 0.0
}