{
    "between_node": 0.0, 
    "closeness_centrality": 0.051132213294375464, 
    "clustering": 0.04836830987305785, 
    "degree_centrality": 0.8572188489330078, 
    "neighbor_number_1": 0.04328062789955872, 
    "neighbor_number_2": 0.0, 
    "neighbor_number_3": 0.0
}