{
    "between_node": 0.03188670200966434, 
    "closeness_centrality": 0.1637269008988126, 
    "clustering": 0.1759861870111856, 
    "degree_centrality": 0.10210965545739034, 
    "neighbor_number_1": 0.1396139054301781, 
    "neighbor_number_2": 0.2638055596061016, 
    "neighbor_number_3": 0.12287108958666755
}