{
    "between_node": 0.0, 
    "closeness_centrality": 0.49288807623545067, 
    "clustering": 0.014487289677690678, 
    "degree_centrality": 0.29291699019233586, 
    "neighbor_number_1": 0.01081485063616848, 
    "neighbor_number_2": 0.1888927932583542, 
    "neighbor_number_3": 0.0
}