{
    "between_node": 0.0, 
    "closeness_centrality": 0.18383194454455176, 
    "clustering": 0.013502563386239558, 
    "degree_centrality": 0.22134329406378103, 
    "neighbor_number_1": 0.19095844688864377, 
    "neighbor_number_2": 0.30548182565466053, 
    "neighbor_number_3": 0.08488192546212321
}