{
    "between_node": 0.0, 
    "closeness_centrality": 0.0, 
    "clustering": 0.0, 
    "degree_centrality": 0.7660007059068246, 
    "neighbor_number_1": 0.0, 
    "neighbor_number_2": 0.23399929409317546, 
    "neighbor_number_3": 0.0
}