{
    "between_node": 0.0, 
    "closeness_centrality": 0.6804087796609641, 
    "clustering": 0.043450944343130495, 
    "degree_centrality": 0.05113221329437546, 
    "neighbor_number_1": 0.03888050169491224, 
    "neighbor_number_2": 0.04836830987305788, 
    "neighbor_number_3": 0.13775925113355988
}