{
    "between_node": 0.0, 
    "closeness_centrality": 0.8394260874743426, 
    "clustering": 0.05004802803329167, 
    "degree_centrality": 0.0, 
    "neighbor_number_1": 0.014111868334633376, 
    "neighbor_number_2": 0.0, 
    "neighbor_number_3": 0.09641401615773235
}