{
    "between_node": 0.0, 
    "closeness_centrality": 0.7918883234264357, 
    "clustering": 0.05129972259263715, 
    "degree_centrality": 0.05423113531221639, 
    "neighbor_number_1": 0.048526764614656756, 
    "neighbor_number_2": 0.0, 
    "neighbor_number_3": 0.05405405405405406
}