{
    "between_node": 0.0, 
    "closeness_centrality": 0.390635371587801, 
    "clustering": 0.00512924453169689, 
    "degree_centrality": 0.04899443248629845, 
    "neighbor_number_1": 0.22219279097745717, 
    "neighbor_number_2": 0.19236207490591384, 
    "neighbor_number_3": 0.14068608551083273
}