{
    "between_node": 0.0, 
    "closeness_centrality": 0.31396341106079895, 
    "clustering": 0.013091034292312858, 
    "degree_centrality": 0.10158456313388098, 
    "neighbor_number_1": 0.1928946880292136, 
    "neighbor_number_2": 0.29617139656599945, 
    "neighbor_number_3": 0.08229490691779409
}