{
    "between_node": 0.0, 
    "closeness_centrality": 0.10720376360232828, 
    "clustering": 0.03884638882015884, 
    "degree_centrality": 0.4934371573326729, 
    "neighbor_number_1": 0.0, 
    "neighbor_number_2": 0.3175790356396223, 
    "neighbor_number_3": 0.04293365460521757
}