{
    "between_node": 0.0, 
    "closeness_centrality": 0.09644039808535443, 
    "clustering": 0.09241793981506279, 
    "degree_centrality": 0.4935188604389485, 
    "neighbor_number_1": 0.006005787840065689, 
    "neighbor_number_2": 0.24073548810324794, 
    "neighbor_number_3": 0.07088152571732063
}