{
    "between_node": 0.0, 
    "closeness_centrality": 0.7481155329554382, 
    "clustering": 0.05405405405405406, 
    "degree_centrality": 0.09617605127518179, 
    "neighbor_number_1": 0.10165436171532606, 
    "neighbor_number_2": 0.0, 
    "neighbor_number_3": 0.0
}