{
    "between_node": 0.0, 
    "closeness_centrality": 0.0, 
    "clustering": 0.05405405405405406, 
    "degree_centrality": 0.6928165437078923, 
    "neighbor_number_1": 0.02470964572309707, 
    "neighbor_number_2": 0.08055042440911685, 
    "neighbor_number_3": 0.14786933210583988
}