{
    "between_node": 0.0020236601392194797, 
    "closeness_centrality": 0.8529348713130972, 
    "clustering": 0.0, 
    "degree_centrality": 0.045650332414802465, 
    "neighbor_number_1": 0.09939113613288092, 
    "neighbor_number_2": 0.0, 
    "neighbor_number_3": 0.0
}