{
    "between_node": 0.0, 
    "closeness_centrality": 0.7554899238920455, 
    "clustering": 0.0, 
    "degree_centrality": 0.0, 
    "neighbor_number_1": 0.13932380875952483, 
    "neighbor_number_2": 0.05113221329437545, 
    "neighbor_number_3": 0.05405405405405404
}