{
    "between_node": 0.12744477329180928, 
    "closeness_centrality": 0.1570704132383788, 
    "clustering": 0.08749846969139224, 
    "degree_centrality": 0.06324680252062916, 
    "neighbor_number_1": 0.24080013491017513, 
    "neighbor_number_2": 0.23795038281892938, 
    "neighbor_number_3": 0.08598902352868594
}