{
    "between_node": 0.0, 
    "closeness_centrality": 0.35956148001221694, 
    "clustering": 0.07468636083339816, 
    "degree_centrality": 0.05405405405405406, 
    "neighbor_number_1": 0.31119317013915904, 
    "neighbor_number_2": 0.12447726805566363, 
    "neighbor_number_3": 0.07602766690550819
}