{
    "between_node": 0.0, 
    "closeness_centrality": 0.8891443780404076, 
    "clustering": 0.0, 
    "degree_centrality": 0.053898239324182085, 
    "neighbor_number_1": 0.05695738263541051, 
    "neighbor_number_2": 0.0, 
    "neighbor_number_3": 0.0
}