{
    "between_node": 0.0, 
    "closeness_centrality": 0.05405405405405406, 
    "clustering": 0.0, 
    "degree_centrality": 0.7245952623442935, 
    "neighbor_number_1": 0.0, 
    "neighbor_number_2": 0.22135068360165247, 
    "neighbor_number_3": 0.0
}