{
    "between_node": 0.00019045117658291648, 
    "closeness_centrality": 0.0, 
    "clustering": 0.05064411788227822, 
    "degree_centrality": 0.7270613901232676, 
    "neighbor_number_1": 0.0, 
    "neighbor_number_2": 0.2221040408178712, 
    "neighbor_number_3": 0.0
}