{
    "between_node": 0.12162120024384954, 
    "closeness_centrality": 0.27696626807733676, 
    "clustering": 0.12788988039145532, 
    "degree_centrality": 0.0, 
    "neighbor_number_1": 0.11721060938197245, 
    "neighbor_number_2": 0.11114558114483611, 
    "neighbor_number_3": 0.24516646076054985
}