{
    "between_node": 0.0, 
    "closeness_centrality": 0.8149594057852306, 
    "clustering": 0.049113038215436645, 
    "degree_centrality": 0.0033025859174957914, 
    "neighbor_number_1": 0.043947021047414096, 
    "neighbor_number_2": 0.054671185796382755, 
    "neighbor_number_3": 0.03400676323804001
}