{
    "between_node": 0.0, 
    "closeness_centrality": 0.05113221329437546, 
    "clustering": 0.0, 
    "degree_centrality": 0.6854279508662235, 
    "neighbor_number_1": 0.0, 
    "neighbor_number_2": 0.26343983583940095, 
    "neighbor_number_3": 0.0
}