{
    "between_node": 0.0, 
    "closeness_centrality": 0.4307340595676015, 
    "clustering": 0.01928694705383355, 
    "degree_centrality": 0.3578767370766801, 
    "neighbor_number_1": 0.02096634909474665, 
    "neighbor_number_2": 0.15259518378632603, 
    "neighbor_number_3": 0.01854072342081207
}