{
    "between_node": 0.0, 
    "closeness_centrality": 0.6749776558879469, 
    "clustering": 0.006869386835898578, 
    "degree_centrality": 0.05173221774725206, 
    "neighbor_number_1": 0.16347061942922997, 
    "neighbor_number_2": 0.06403444421912047, 
    "neighbor_number_3": 0.038915675880552024
}