{
    "between_node": 0.0, 
    "closeness_centrality": 0.451744505391135, 
    "clustering": 0.026478335935201606, 
    "degree_centrality": 0.5085501887598781, 
    "neighbor_number_1": 0.0, 
    "neighbor_number_2": 0.013226969913785278, 
    "neighbor_number_3": 0.0
}