{
    "between_node": 0.0, 
    "closeness_centrality": 0.868208091261076, 
    "clustering": 0.08169171148154666, 
    "degree_centrality": 0.01766979143896076, 
    "neighbor_number_1": 0.032430405818416545, 
    "neighbor_number_2": 0.0, 
    "neighbor_number_3": 0.0
}