{
    "between_node": 0.37780298682415087, 
    "closeness_centrality": 0.0, 
    "clustering": 0.0, 
    "degree_centrality": 0.6110942315222415, 
    "neighbor_number_1": 0.0, 
    "neighbor_number_2": 0.011102781653607655, 
    "neighbor_number_3": 0.0
}