{
    "between_node": 0.20775049754321873, 
    "closeness_centrality": 0.0, 
    "clustering": 0.0, 
    "degree_centrality": 0.7861441817126539, 
    "neighbor_number_1": 0.0, 
    "neighbor_number_2": 0.006105320744127221, 
    "neighbor_number_3": 0.0
}