{
    "between_node": 0.026382891876090647, 
    "closeness_centrality": 0.0, 
    "clustering": 0.027777777777777776, 
    "degree_centrality": 0.9234012156631725, 
    "neighbor_number_1": 0.0, 
    "neighbor_number_2": 0.022438114682959108, 
    "neighbor_number_3": 0.0
}