{
    "between_node": 0.02390248326049685, 
    "closeness_centrality": 0.026256001371742117, 
    "clustering": 0.05847065063308751, 
    "degree_centrality": 0.8365869141173897, 
    "neighbor_number_1": 0.0, 
    "neighbor_number_2": 0.027777777777777783, 
    "neighbor_number_3": 0.027006172839506182
}