{
    "between_node": 0.0535736821054174, 
    "closeness_centrality": 0.8261182046873569, 
    "clustering": 0.05054506309247829, 
    "degree_centrality": 0.011127061152738319, 
    "neighbor_number_1": 0.030858211184231352, 
    "neighbor_number_2": 0.0, 
    "neighbor_number_3": 0.027777777777777776
}