{
    "between_node": 0.027136688786836095, 
    "closeness_centrality": 0.0, 
    "clustering": 0.0, 
    "degree_centrality": 0.9497841075392632, 
    "neighbor_number_1": 0.0, 
    "neighbor_number_2": 0.0230792036739008, 
    "neighbor_number_3": 0.0
}