{
    "between_node": 0.02698414496606449, 
    "closeness_centrality": 0.0, 
    "clustering": 0.0, 
    "degree_centrality": 0.944445073812257, 
    "neighbor_number_1": 0.0, 
    "neighbor_number_2": 0.0007930034439006677, 
    "neighbor_number_3": 0.027777777777777776
}