{
    "between_node": 0.02683527195530486, 
    "closeness_centrality": 0.0, 
    "clustering": 0.005659078476123625, 
    "degree_centrality": 0.9392345184356701, 
    "neighbor_number_1": 0.0, 
    "neighbor_number_2": 0.0, 
    "neighbor_number_3": 0.028271131132901427
}