{
    "between_node": 0.0, 
    "closeness_centrality": 0.0, 
    "clustering": 0.0, 
    "degree_centrality": 0.8359846182732861, 
    "neighbor_number_1": 0.027777777777777776, 
    "neighbor_number_2": 0.023885274807808176, 
    "neighbor_number_3": 0.11235232914112801
}