{
    "between_node": 0.0, 
    "closeness_centrality": 0.20838256526405313, 
    "clustering": 0.1658725022876353, 
    "degree_centrality": 0.4763887587079763, 
    "neighbor_number_1": 0.0632024895796393, 
    "neighbor_number_2": 0.08458934422054318, 
    "neighbor_number_3": 0.0015643399401528302
}