{
    "between_node": 0.027777777777777776, 
    "closeness_centrality": 0.0, 
    "clustering": 0.0, 
    "degree_centrality": 0.945216049382716, 
    "neighbor_number_1": 0.0, 
    "neighbor_number_2": 0.027006172839506175, 
    "neighbor_number_3": 0.0
}