{
    "between_node": 0.0, 
    "closeness_centrality": 0.027777777777777783, 
    "clustering": 0.0, 
    "degree_centrality": 0.9452160493827162, 
    "neighbor_number_1": 0.0, 
    "neighbor_number_2": 0.027006172839506182, 
    "neighbor_number_3": 0.0
}