{
    "between_node": 0.027777777777777783, 
    "closeness_centrality": 0.8864137739106256, 
    "clustering": 0.0, 
    "degree_centrality": 0.0, 
    "neighbor_number_1": 0.0, 
    "neighbor_number_2": 0.0, 
    "neighbor_number_3": 0.08580844831159666
}