{
    "between_node": 0.022033582151624747, 
    "closeness_centrality": 0.7031113454804937, 
    "clustering": 0.0, 
    "degree_centrality": 0.2067910425415093, 
    "neighbor_number_1": 0.0, 
    "neighbor_number_2": 0.0, 
    "neighbor_number_3": 0.06806402982637239
}