{
    "between_node": 0.0, 
    "closeness_centrality": 0.8385272831822194, 
    "clustering": 0.0, 
    "degree_centrality": 0.10146424595100534, 
    "neighbor_number_1": 0.06000847086677525, 
    "neighbor_number_2": 0.0, 
    "neighbor_number_3": 0.0
}