{
    "between_node": 0.0, 
    "closeness_centrality": 0.18707443634579043, 
    "clustering": 0.07593967312412175, 
    "degree_centrality": 0.4276756954394737, 
    "neighbor_number_1": 0.05070939345807165, 
    "neighbor_number_2": 0.20296528773334355, 
    "neighbor_number_3": 0.05563551389919878
}