{
    "between_node": 0.0, 
    "closeness_centrality": 0.0, 
    "clustering": 0.0, 
    "degree_centrality": 0.7324060604912004, 
    "neighbor_number_1": 0.026121625478702618, 
    "neighbor_number_2": 0.08515330580392352, 
    "neighbor_number_3": 0.1563190082261736
}