{
    "between_node": 0.0, 
    "closeness_centrality": 0.7986607766858769, 
    "clustering": 0.0, 
    "degree_centrality": 0.0, 
    "neighbor_number_1": 0.14728516926006913, 
    "neighbor_number_2": 0.05405405405405406, 
    "neighbor_number_3": 0.0
}