{
    "between_node": 0.0, 
    "closeness_centrality": 0.9399526282141449, 
    "clustering": 0.0, 
    "degree_centrality": 0.05697813871413534, 
    "neighbor_number_1": 0.0030692330717196647, 
    "neighbor_number_2": 0.0, 
    "neighbor_number_3": 0.0
}