{
    "between_node": 0.002139297861460593, 
    "closeness_centrality": 0.8445311496738456, 
    "clustering": 0.0, 
    "degree_centrality": 0.04825892283850546, 
    "neighbor_number_1": 0.1050706296261884, 
    "neighbor_number_2": 0.0, 
    "neighbor_number_3": 0.0
}