{
    "between_node": 0.0, 
    "closeness_centrality": 0.14945746098492527, 
    "clustering": 0.0, 
    "degree_centrality": 0.38673083371802663, 
    "neighbor_number_1": 0.37180860920221614, 
    "neighbor_number_2": 0.09200309609483207, 
    "neighbor_number_3": 0.0
}