{
    "between_node": 0.0, 
    "closeness_centrality": 0.6683764956673921, 
    "clustering": 0.0, 
    "degree_centrality": 0.14521094484696853, 
    "neighbor_number_1": 0.00790011264952863, 
    "neighbor_number_2": 0.13825833905576615, 
    "neighbor_number_3": 0.040254107780344585
}