{
    "between_node": 0.0, 
    "closeness_centrality": 0.8756312979043515, 
    "clustering": 0.06245180041763988, 
    "degree_centrality": 0.0, 
    "neighbor_number_1": 0.0, 
    "neighbor_number_2": 0.049440669382558367, 
    "neighbor_number_3": 0.012476232295450128
}