{
    "between_node": 0.0, 
    "closeness_centrality": 0.8834744461831214, 
    "clustering": 0.05405405405405404, 
    "degree_centrality": 0.0, 
    "neighbor_number_1": 0.0, 
    "neighbor_number_2": 0.04988351616281519, 
    "neighbor_number_3": 0.012587983600009234
}