{
    "between_node": 0.14951791943150336, 
    "closeness_centrality": 0.13883569267709375, 
    "clustering": 0.13566226208156845, 
    "degree_centrality": 0.1843361982933375, 
    "neighbor_number_1": 0.06878393823142886, 
    "neighbor_number_2": 0.1681812555066754, 
    "neighbor_number_3": 0.15468273377839264
}