{
    "between_node": 0.2287604280404152, 
    "closeness_centrality": 0.043215498448527685, 
    "clustering": 0.17315019554540856, 
    "degree_centrality": 0.0, 
    "neighbor_number_1": 0.24118457083941403, 
    "neighbor_number_2": 0.1765476210337711, 
    "neighbor_number_3": 0.13714168609246355
}