{
    "between_node": 0.0, 
    "closeness_centrality": 0.788177314116377, 
    "clustering": 0.057382860462872595, 
    "degree_centrality": 0.0, 
    "neighbor_number_1": 0.10805927083755958, 
    "neighbor_number_2": 0.02796267147061431, 
    "neighbor_number_3": 0.018417883112576444
}