{
    "between_node": 0.0, 
    "closeness_centrality": 0.09683295638393477, 
    "clustering": 0.08101375513473864, 
    "degree_centrality": 0.4940173518605999, 
    "neighbor_number_1": 0.03709633050467734, 
    "neighbor_number_2": 0.24710920673623038, 
    "neighbor_number_3": 0.04393039937981882
}