{
    "between_node": 0.0, 
    "closeness_centrality": 0.053906591294175375, 
    "clustering": 0.11403259761851374, 
    "degree_centrality": 0.4477183290371925, 
    "neighbor_number_1": 0.06693377124405694, 
    "neighbor_number_2": 0.3174087108060615, 
    "neighbor_number_3": 0.0
}