{
    "between_node": 0.3574609856865186, 
    "closeness_centrality": 0.0, 
    "clustering": 0.0, 
    "degree_centrality": 0.6254942922117299, 
    "neighbor_number_1": 0.0, 
    "neighbor_number_2": 0.017044722101751585, 
    "neighbor_number_3": 0.0
}