{
    "between_node": 0.23018363440049097, 
    "closeness_centrality": 0.0, 
    "clustering": 0.02339592010105028, 
    "degree_centrality": 0.7404530930425253, 
    "neighbor_number_1": 0.0, 
    "neighbor_number_2": 0.00596735245593363, 
    "neighbor_number_3": 0.0
}