{
    "between_node": 0.1963691045450949, 
    "closeness_centrality": 0.0, 
    "clustering": 0.054783950617283965, 
    "degree_centrality": 0.7430760976836429, 
    "neighbor_number_1": 0.0, 
    "neighbor_number_2": 0.005770847153978277, 
    "neighbor_number_3": 0.0
}