{
    "between_node": 0.23569800611964295, 
    "closeness_centrality": 0.0, 
    "clustering": 0.0, 
    "degree_centrality": 0.7581916851290859, 
    "neighbor_number_1": 0.0, 
    "neighbor_number_2": 0.006110308751271116, 
    "neighbor_number_3": 0.0
}