{
    "between_node": 0.17179195999520883, 
    "closeness_centrality": 0.6940917798324442, 
    "clustering": 0.04399775157364256, 
    "degree_centrality": 0.03895631993590997, 
    "neighbor_number_1": 0.026861019190078928, 
    "neighbor_number_2": 0.024301169472715815, 
    "neighbor_number_3": 0.0
}