{
    "between_node": 0.3100415497464598, 
    "closeness_centrality": 0.0, 
    "clustering": 0.027777777777777783, 
    "degree_centrality": 0.6570777025357505, 
    "neighbor_number_1": 0.0, 
    "neighbor_number_2": 0.005102969940011961, 
    "neighbor_number_3": 0.0
}