{
    "between_node": 0.02636697546612061, 
    "closeness_centrality": 0.0, 
    "clustering": 0.023011105441880186, 
    "degree_centrality": 0.9228441413142213, 
    "neighbor_number_1": 0.0, 
    "neighbor_number_2": 0.0, 
    "neighbor_number_3": 0.027777777777777776
}