{
    "between_node": 0.02775512053652348, 
    "closeness_centrality": 0.0, 
    "clustering": 0.0, 
    "degree_centrality": 0.9714292187783216, 
    "neighbor_number_1": 0.0, 
    "neighbor_number_2": 0.0008156606851549725, 
    "neighbor_number_3": 0.0
}