{
    "between_node": 0.0, 
    "closeness_centrality": 0.827705430597265, 
    "clustering": 0.010204322092429758, 
    "degree_centrality": 0.04218834619110372, 
    "neighbor_number_1": 0.11990190111920158, 
    "neighbor_number_2": 0.0, 
    "neighbor_number_3": 0.0
}