{
    "between_node": 0.347531513861893, 
    "closeness_centrality": 0.027777777777777776, 
    "clustering": 0.0, 
    "degree_centrality": 0.6081194507614041, 
    "neighbor_number_1": 0.0, 
    "neighbor_number_2": 0.016571257598925148, 
    "neighbor_number_3": 0.0
}