{
    "between_node": 0.30445017352744536, 
    "closeness_centrality": 0.0, 
    "clustering": 0.027276825546663126, 
    "degree_centrality": 0.6452277790561153, 
    "neighbor_number_1": 0.0, 
    "neighbor_number_2": 0.02304522186977632, 
    "neighbor_number_3": 0.0
}