{
    "between_node": 0.20754197658874068, 
    "closeness_centrality": 0.0, 
    "clustering": 0.02408403539813999, 
    "degree_centrality": 0.7622311251908348, 
    "neighbor_number_1": 0.0, 
    "neighbor_number_2": 0.006142862822284619, 
    "neighbor_number_3": 0.0
}