{
    "between_node": 0.31532671142557167, 
    "closeness_centrality": 0.1064021725197855, 
    "clustering": 0.02399040297756551, 
    "degree_centrality": 0.10051663595640585, 
    "neighbor_number_1": 0.15794122891242568, 
    "neighbor_number_2": 0.11667672824381563, 
    "neighbor_number_3": 0.17914611996443025
}