{
    "between_node": 0.0, 
    "closeness_centrality": 0.4228815870101476, 
    "clustering": 0.037165780092315394, 
    "degree_centrality": 0.35135248575634836, 
    "neighbor_number_1": 0.020584123270622666, 
    "neighbor_number_2": 0.14981330604421148, 
    "neighbor_number_3": 0.018202717826354502
}