{
    "between_node": 0.0, 
    "closeness_centrality": 0.0, 
    "clustering": 0.15307660973529547, 
    "degree_centrality": 0.0044060514675101125, 
    "neighbor_number_1": 0.7497967336057655, 
    "neighbor_number_2": 0.08813204824708425, 
    "neighbor_number_3": 0.004588556944344594
}