{
    "between_node": 0.0, 
    "closeness_centrality": 0.8864431279354891, 
    "clustering": 0.0, 
    "degree_centrality": 0.10726220286249136, 
    "neighbor_number_1": 0.0062946692020195375, 
    "neighbor_number_2": 0.0, 
    "neighbor_number_3": 0.0
}