{
    "between_node": 0.0, 
    "closeness_centrality": 0.8442985353536413, 
    "clustering": 0.0, 
    "degree_centrality": 0.0, 
    "neighbor_number_1": 0.15570146464635878, 
    "neighbor_number_2": 0.0, 
    "neighbor_number_3": 0.0
}