{
    "between_node": 0.043117189365765904, 
    "closeness_centrality": 0.0223794136749273, 
    "clustering": 0.0, 
    "degree_centrality": 0.8586915796101845, 
    "neighbor_number_1": 0.0, 
    "neighbor_number_2": 0.07581181734912228, 
    "neighbor_number_3": 0.0
}