{
    "between_node": 0.0, 
    "closeness_centrality": 0.8917148106337295, 
    "clustering": 0.0, 
    "degree_centrality": 0.05405405405405406, 
    "neighbor_number_1": 0.05423113531221639, 
    "neighbor_number_2": 0.0, 
    "neighbor_number_3": 0.0
}