{
    "between_node": 0.0022615434535440556, 
    "closeness_centrality": 0.8927900725123511, 
    "clustering": 0.0, 
    "degree_centrality": 0.05101657557213435, 
    "neighbor_number_1": 0.0539318084619706, 
    "neighbor_number_2": 0.0, 
    "neighbor_number_3": 0.0
}