{
    "between_node": 0.0, 
    "closeness_centrality": 0.8006916161418364, 
    "clustering": 0.05405405405405407, 
    "degree_centrality": 0.09688601993105182, 
    "neighbor_number_1": 0.04836830987305788, 
    "neighbor_number_2": 0.0, 
    "neighbor_number_3": 0.0
}