{
    "between_node": 0.0, 
    "closeness_centrality": 0.7691071932639841, 
    "clustering": 0.05866091532384812, 
    "degree_centrality": 0.03968624882702717, 
    "neighbor_number_1": 0.08960800466945493, 
    "neighbor_number_2": 0.02606319503838567, 
    "neighbor_number_3": 0.016874442877300194
}