{
    "between_node": 0.02712031762229549, 
    "closeness_centrality": 0.0, 
    "clustering": 0.023668565597362478, 
    "degree_centrality": 0.9492111167803421, 
    "neighbor_number_1": 0.0, 
    "neighbor_number_2": 0.0, 
    "neighbor_number_3": 0.0
}