{
    "between_node": 0.0, 
    "closeness_centrality": 0.46303574468131065, 
    "clustering": 0.0021454089555847, 
    "degree_centrality": 0.521261271692431, 
    "neighbor_number_1": 0.0, 
    "neighbor_number_2": 0.013557574670673672, 
    "neighbor_number_3": 0.0
}