{
    "between_node": 0.026010361725988126, 
    "closeness_centrality": 0.0, 
    "clustering": 0.06362697786442754, 
    "degree_centrality": 0.9103626604095844, 
    "neighbor_number_1": 0.0, 
    "neighbor_number_2": 0.0, 
    "neighbor_number_3": 0.0
}