{
    "between_node": 0.3378778606990626, 
    "closeness_centrality": 0.054783950617283944, 
    "clustering": 0.0, 
    "degree_centrality": 0.5912272437958094, 
    "neighbor_number_1": 0.0, 
    "neighbor_number_2": 0.01611094488784389, 
    "neighbor_number_3": 0.0
}