{
    "between_node": 0.3188998797392158, 
    "closeness_centrality": 0.0, 
    "clustering": 0.0, 
    "degree_centrality": 0.675851351179629, 
    "neighbor_number_1": 0.0, 
    "neighbor_number_2": 0.005248769081155159, 
    "neighbor_number_3": 0.0
}