{
    "between_node": 0.21386080629448992, 
    "closeness_centrality": 0.0, 
    "clustering": 0.0, 
    "degree_centrality": 0.7798543047042027, 
    "neighbor_number_1": 0.0, 
    "neighbor_number_2": 0.006284889001307434, 
    "neighbor_number_3": 0.0
}