{
    "between_node": 0.35950307467192, 
    "closeness_centrality": 0.0, 
    "clustering": 0.0, 
    "degree_centrality": 0.6290675912728957, 
    "neighbor_number_1": 0.0, 
    "neighbor_number_2": 0.011429334055184351, 
    "neighbor_number_3": 0.0
}