{
    "between_node": 0.20197965038924046, 
    "closeness_centrality": 0.0, 
    "clustering": 0.027777777777777783, 
    "degree_centrality": 0.7643068433317469, 
    "neighbor_number_1": 0.0, 
    "neighbor_number_2": 0.005935728501234799, 
    "neighbor_number_3": 0.0
}