{
    "between_node": 0.08360968599027513, 
    "closeness_centrality": 0.13483940872472264, 
    "clustering": 0.12389900833845688, 
    "degree_centrality": 0.15271407831756223, 
    "neighbor_number_1": 0.16524480903172362, 
    "neighbor_number_2": 0.17856335509699328, 
    "neighbor_number_3": 0.16112965450026634
}