{
    "between_node": 0.0, 
    "closeness_centrality": 0.0, 
    "clustering": 0.050653764951411565, 
    "degree_centrality": 0.7271998861972049, 
    "neighbor_number_1": 0.0, 
    "neighbor_number_2": 0.2221463488513835, 
    "neighbor_number_3": 0.0
}