{
    "between_node": 0.0, 
    "closeness_centrality": 0.6436299267063175, 
    "clustering": 0.04110224464890722, 
    "degree_centrality": 0.04836830987305787, 
    "neighbor_number_1": 0.09083290700870077, 
    "neighbor_number_2": 0.04575380663667637, 
    "neighbor_number_3": 0.13031280512634044
}