{
    "between_node": 0.0, 
    "closeness_centrality": 0.8826150267757535, 
    "clustering": 0.0, 
    "degree_centrality": 0.05958463833572313, 
    "neighbor_number_1": 0.04812801271435542, 
    "neighbor_number_2": 0.0, 
    "neighbor_number_3": 0.00967232217416789
}