{
    "between_node": 0.0, 
    "closeness_centrality": 0.7683902968832175, 
    "clustering": 0.046306578888840266, 
    "degree_centrality": 0.0031138667222103174, 
    "neighbor_number_1": 0.041435762701847574, 
    "neighbor_number_2": 0.05154711803658946, 
    "neighbor_number_3": 0.08920637676729487
}