{
    "between_node": 0.0, 
    "closeness_centrality": 0.05686149303418926, 
    "clustering": 0.046842920294751324, 
    "degree_centrality": 0.07060276073803975, 
    "neighbor_number_1": 0.532505749065255, 
    "neighbor_number_2": 0.2931870768677646, 
    "neighbor_number_3": 0.0
}