{
    "between_node": 0.1803504421650541, 
    "closeness_centrality": 0.0, 
    "clustering": 0.02480316455113395, 
    "degree_centrality": 0.709548642682645, 
    "neighbor_number_1": 0.05365803177885635, 
    "neighbor_number_2": 0.005300094626891366, 
    "neighbor_number_3": 0.026339624195419437
}