{
    "between_node": 0.0, 
    "closeness_centrality": 0.8326579606192193, 
    "clustering": 0.0, 
    "degree_centrality": 0.0, 
    "neighbor_number_1": 0.06784151621334722, 
    "neighbor_number_2": 0.05113221329437545, 
    "neighbor_number_3": 0.04836830987305785
}