{
    "between_node": 0.0, 
    "closeness_centrality": 0.8656989791218791, 
    "clustering": 0.05528358728479778, 
    "degree_centrality": 0.0, 
    "neighbor_number_1": 0.009933488322745942, 
    "neighbor_number_2": 0.0, 
    "neighbor_number_3": 0.0690839452705772
}