{
    "between_node": 0.0, 
    "closeness_centrality": 0.8245062021397931, 
    "clustering": 0.0, 
    "degree_centrality": 0.0, 
    "neighbor_number_1": 0.04711464012227389, 
    "neighbor_number_2": 0.0, 
    "neighbor_number_3": 0.12837915773793304
}