{
    "between_node": 0.0, 
    "closeness_centrality": 0.10570782922840169, 
    "clustering": 0.02626238848061436, 
    "degree_centrality": 0.5319735151831827, 
    "neighbor_number_1": 0.017935768184590386, 
    "neighbor_number_2": 0.20778374025093257, 
    "neighbor_number_3": 0.11033675867227835
}