{
    "between_node": 0.10840243673133809, 
    "closeness_centrality": 0.04150007827334632, 
    "clustering": 0.013424055586130261, 
    "degree_centrality": 0.3276004585177819, 
    "neighbor_number_1": 0.30892784876950496, 
    "neighbor_number_2": 0.1767340471612721, 
    "neighbor_number_3": 0.023411074960626298
}