{
    "between_node": 0.0, 
    "closeness_centrality": 0.23791707937149348, 
    "clustering": 0.0, 
    "degree_centrality": 0.6156258098776078, 
    "neighbor_number_1": 0.0, 
    "neighbor_number_2": 0.14645711075089857, 
    "neighbor_number_3": 0.0
}