{
    "between_node": 0.0, 
    "closeness_centrality": 0.04884523309317981, 
    "clustering": 0.0, 
    "degree_centrality": 0.5941338227981514, 
    "neighbor_number_1": 0.0, 
    "neighbor_number_2": 0.30278980879645234, 
    "neighbor_number_3": 0.0542311353122164
}