{
    "between_node": 0.15413473421980664, 
    "closeness_centrality": 0.17844496864043977, 
    "clustering": 0.08375302123272146, 
    "degree_centrality": 0.13548824992108716, 
    "neighbor_number_1": 0.007161854227902134, 
    "neighbor_number_2": 0.20307895371602788, 
    "neighbor_number_3": 0.237938218042015
}