{
    "between_node": 0.0, 
    "closeness_centrality": 0.11808566269571148, 
    "clustering": 0.025240157178912745, 
    "degree_centrality": 0.2028119082055161, 
    "neighbor_number_1": 0.25624344496441775, 
    "neighbor_number_2": 0.3457665656960441, 
    "neighbor_number_3": 0.051852261259397944
}