{
    "between_node": 0.2702447206992307, 
    "closeness_centrality": 0.04381782636701009, 
    "clustering": 0.020037880036376333, 
    "degree_centrality": 0.4488033535021054, 
    "neighbor_number_1": 0.0, 
    "neighbor_number_2": 0.17018589199520878, 
    "neighbor_number_3": 0.04691032740006872
}