{
    "between_node": 0.05733005733005733, 
    "closeness_centrality": 0.0, 
    "clustering": 0.05129972259263714, 
    "degree_centrality": 0.6810870289491201, 
    "neighbor_number_1": 0.21028319112818547, 
    "neighbor_number_2": 0.0, 
    "neighbor_number_3": 0.0
}