{
    "between_node": 0.05405405405405406, 
    "closeness_centrality": 0.0, 
    "clustering": 0.048368309873057874, 
    "degree_centrality": 0.19826700877800343, 
    "neighbor_number_1": 0.6993106272948847, 
    "neighbor_number_2": 0.0, 
    "neighbor_number_3": 0.0
}