{
    "between_node": 0.0, 
    "closeness_centrality": 0.0, 
    "clustering": 0.0030787500274888414, 
    "degree_centrality": 0.942867195918457, 
    "neighbor_number_1": 0.0, 
    "neighbor_number_2": 0.0, 
    "neighbor_number_3": 0.05405405405405406
}