{
    "between_node": 0.17044899241070258, 
    "closeness_centrality": 0.15827135648642868, 
    "clustering": 0.014663278549466181, 
    "degree_centrality": 0.21014149597174428, 
    "neighbor_number_1": 0.07841302908818286, 
    "neighbor_number_2": 0.19172501632228947, 
    "neighbor_number_3": 0.17633683117118584
}