{
    "between_node": 0.0, 
    "closeness_centrality": 0.0, 
    "clustering": 0.33432453395289236, 
    "degree_centrality": 0.404355751397746, 
    "neighbor_number_1": 0.0, 
    "neighbor_number_2": 0.2613197146493617, 
    "neighbor_number_3": 0.0
}