{
    "between_node": 0.0, 
    "closeness_centrality": 0.8022008548453101, 
    "clustering": 0.04078788770352873, 
    "degree_centrality": 0.04436554964286324, 
    "neighbor_number_1": 0.11264570780829783, 
    "neighbor_number_2": 0.0, 
    "neighbor_number_3": 0.0
}