{
    "between_node": 0.0, 
    "closeness_centrality": 0.8725580552497967, 
    "clustering": 0.0, 
    "degree_centrality": 0.04758187269205818, 
    "neighbor_number_1": 0.07196629411218942, 
    "neighbor_number_2": 0.0, 
    "neighbor_number_3": 0.00789377794595567
}