{
    "between_node": 0.0, 
    "closeness_centrality": 0.7162220700455189, 
    "clustering": 0.002315389564722822, 
    "degree_centrality": 0.005179985236648472, 
    "neighbor_number_1": 0.13939748517484477, 
    "neighbor_number_2": 0.05336806349593371, 
    "neighbor_number_3": 0.08351700648233135
}