{
    "between_node": 0.0, 
    "closeness_centrality": 0.0, 
    "clustering": 0.05219969826780446, 
    "degree_centrality": 0.9478003017321955, 
    "neighbor_number_1": 0.0, 
    "neighbor_number_2": 0.0, 
    "neighbor_number_3": 0.0
}